x (m),Qdot (J/m3 s),N2,AR,HE,H,O2,OH,O,H2,H2O,HO2,CO,CO2,HCO,CH3,CH4,CH2O,T-CH2,S-CH2,C2H4,CH3O,C2H5,C2H6,H2O2,C2H2,C2H3,CH2CHO,CH2CO,CH2OH,CH3CHO,CH3CO,C2H5OH,CH2CH2OH,CH3CHOH,CH3CH2O
0,1.46227e-27,0,0,0,-3.84252e-70,1.7536e-172,6.22796e-71,4.48951e-119,-1.05272e-67,1.39143e-34,2.03802e-144,-5.61444e-129,-1.48116e-199,-1.48524e-122,2.99167e-45,-1.62477e-109,-3.25767e-73,-2.11733e-296,-1.98646e-115,2.16676e-34,3.85301e-188,5.00196e-98,1.49159e-87,-2.88714e-117,-2.62398e-173,-1.34052e-107,-1.17604e-144,-3.31389e-162,6.17527e-45,-2.14448e-74,-9.58527e-143,0,1.0184e-102,-2.31564e-66,-1.35835e-67
0.0001,1.46227e-27,0,0,0,8.43715e-98,0,3.01087e-92,5.29632e-143,1.54721e-96,1.39143e-34,3.6483e-80,3.12929e-149,2.15293e-241,4.50105e-143,2.99167e-45,2.03807e-138,3.31886e-80,0,2.09051e-136,2.16676e-34,1.81536e-123,5.01269e-98,1.49159e-87,3.00116e-86,6.00159e-222,5.26231e-128,1.48629e-166,8.15424e-184,6.17527e-45,3.74228e-95,2.64914e-185,0,2.90376e-88,4.03102e-86,1.64937e-88
0.0002,1.46227e-27,0,0,0,3.41862e-97,0,1.22184e-91,8.70865e-142,6.26912e-96,1.39143e-34,1.48051e-79,1.26989e-148,3.54545e-240,1.82656e-142,2.99167e-45,8.25804e-138,1.34682e-79,0,8.48349e-136,2.16676e-34,7.36691e-123,5.01269e-98,1.49159e-87,1.2179e-85,9.86834e-221,2.13549e-127,2.44763e-165,1.34285e-182,6.17527e-45,1.51865e-94,4.36262e-184,0,1.17837e-87,1.63582e-85,6.69328e-88
0.0003,1.46227e-27,0,0,0,1.26554e-79,0,-9.45476e-84,1.13561e-117,1.2595e-68,1.39143e-34,4.8904e-79,-4.72359e-140,2.04871e-226,-5.48836e-134,2.99167e-45,1.08462e-111,4.4488e-79,-1.23523e-305,-2.21601e-123,2.16676e-34,2.43343e-122,5.01275e-98,1.49159e-87,4.02294e-85,-1.54123e-187,-2.46669e-119,-1.25181e-156,-8.75445e-174,6.17527e-45,-3.45605e-86,-3.07872e-157,0,-6.79176e-69,2.43583e-67,-1.02557e-79
0.0004,1.46227e-27,0,0,0,3.53303e-96,0,1.2633e-90,9.30556e-140,6.47895e-95,1.39143e-34,1.53075e-78,1.31299e-147,3.79018e-238,1.88855e-141,2.99167e-45,8.53443e-137,1.39253e-78,0,8.7714e-135,2.16676e-34,7.61692e-122,5.01269e-98,1.49159e-87,1.25923e-84,1.05447e-218,2.20796e-126,2.61658e-163,1.43554e-180,6.17527e-45,1.57019e-93,4.66375e-182,0,1.21836e-86,1.69134e-84,6.92044e-87
0.0005,1.46227e-27,0,0,0,7.62848e-78,0,3.7819e-83,1.65818e-116,1.90429e-68,1.39143e-34,4.71161e-78,2.40564e-128,3.55239e-211,2.12379e-122,2.99167e-45,1.52923e-111,1.37236e-73,-2.9837e-296,-8.48006e-123,2.16676e-34,2.34446e-121,5.01277e-98,1.49159e-87,3.87586e-84,-1.35322e-179,-2.27636e-114,4.87132e-146,1.19167e-162,6.17527e-45,9.03381e-75,1.20542e-144,0,2.7167e-68,3.80844e-67,1.35833e-68
0.0006,1.46227e-27,0,0,0,3.3277e-95,0,1.18994e-89,8.25571e-138,6.10241e-94,1.39143e-34,1.44185e-77,1.23674e-146,3.36272e-236,1.77887e-140,2.99167e-45,8.03843e-136,1.31166e-77,0,8.26198e-134,2.16676e-34,7.17455e-121,5.01269e-98,1.49159e-87,1.1861e-83,9.35508e-217,2.07973e-125,2.32148e-161,1.27364e-178,6.17527e-45,1.479e-92,4.13777e-180,0,1.1476e-85,1.59311e-83,6.51852e-86
0.0007,1.46227e-27,0,0,0,1.01594e-94,0,3.63284e-89,7.69484e-137,1.86304e-93,1.39143e-34,4.40194e-77,3.77573e-146,3.13428e-235,5.43085e-140,2.99167e-45,2.4541e-135,4.00446e-77,0,2.52236e-133,2.16676e-34,2.19037e-120,5.01269e-98,1.49159e-87,3.62112e-83,8.71952e-216,6.34937e-125,2.16377e-160,1.18711e-177,6.17527e-45,4.51534e-92,3.85667e-179,0,3.50361e-85,4.86373e-83,1.99009e-85
0.0008,1.46227e-27,0,0,0,3.09745e-94,0,1.10761e-88,7.15279e-136,5.68016e-93,1.39143e-34,1.34209e-76,1.15117e-145,2.91349e-234,1.65579e-139,2.99167e-45,7.48222e-135,1.2209e-76,0,7.69034e-133,2.16676e-34,6.67815e-120,5.01269e-98,1.49159e-87,1.10403e-82,8.10529e-215,1.93584e-124,2.01135e-159,1.10349e-176,6.17527e-45,1.37667e-91,3.585e-178,0,1.0682e-84,1.48289e-82,6.06751e-85
0.0009,1.46227e-27,0,0,0,9.4311e-94,0,3.37321e-88,-1.06422e-133,-1.34305e-87,1.39143e-34,4.08734e-76,3.49944e-145,2.69548e-233,5.03704e-139,2.99167e-45,-1.22802e-130,3.71826e-76,0,2.3421e-132,2.16676e-34,2.03383e-119,5.01269e-98,1.49159e-87,3.36232e-82,-5.83472e-212,5.8956e-124,1.86556e-158,1.02352e-175,6.17527e-45,4.19022e-91,3.32191e-177,0,3.25257e-84,4.51583e-82,1.84749e-84
0.001,1.46227e-27,0,0,0,2.86903e-93,0,1.02616e-87,-9.84866e-133,-4.0857e-87,1.39143e-34,1.24341e-75,1.06457e-144,2.49449e-232,1.53232e-138,2.99167e-45,-3.73577e-130,1.13113e-75,0,7.12489e-132,2.16676e-34,6.18711e-119,5.01269e-98,1.49159e-87,1.02285e-81,-5.39966e-211,1.7935e-123,1.72645e-157,9.47199e-175,6.17527e-45,1.2747e-90,3.07421e-176,0,9.89463e-84,1.37376e-81,5.62026e-84
0.0011,1.46227e-27,0,0,0,4.9795e-84,0,3.11791e-87,6.807e-122,1.69041e-79,1.39143e-34,3.77799e-75,-3.42484e-141,-3.53316e-228,-2.69924e-135,2.99167e-45,1.89366e-121,3.43684e-75,-3.48448e-315,1.59611e-131,2.16676e-34,1.8799e-118,5.01269e-98,1.49159e-87,3.10784e-81,-2.16754e-190,4.08601e-123,-8.14623e-148,-1.52528e-164,6.17527e-45,-8.16773e-88,-1.87201e-166,0,-1.06615e-80,-1.35835e-68,1.06822e-83
0.0012,1.46227e-27,0,0,0,2.64514e-92,0,9.46085e-87,-8.37153e-131,-3.76686e-86,1.39143e-34,1.14638e-74,9.8149e-144,2.12036e-230,1.41274e-137,2.99167e-45,-3.44424e-129,1.04286e-74,0,6.56889e-131,2.16676e-34,5.70429e-118,5.01269e-98,1.49159e-87,9.43032e-81,-4.5898e-209,1.65354e-122,1.46751e-155,8.05135e-173,6.17527e-45,1.17523e-89,2.61313e-174,0,9.12249e-83,1.26655e-80,5.18167e-83
0.0013,1.46227e-27,0,0,0,2.60736e-76,0,2.83732e-84,-1.20624e-122,-9.41217e-83,1.39143e-34,3.47343e-74,2.6985e-128,3.87178e-213,2.80237e-122,2.99167e-45,8.76394e-139,2.78523e-73,0,1.04564e-133,2.16676e-34,1.72835e-117,5.01251e-98,1.49159e-87,2.85731e-80,-4.92385e-199,2.63212e-125,1.60617e-154,4.2563e-173,6.17527e-45,1.62548e-74,-2.23034e-151,0,5.43341e-68,5.43069e-77,3.64924e-68
0.0014,1.46227e-27,0,0,0,1.57753e-79,0,8.67152e-86,2.85219e-112,1.40196e-68,1.39143e-34,1.05073e-73,8.96152e-143,1.77174e-228,1.29194e-136,2.99167e-45,1.16095e-111,9.55856e-74,2.55544e-303,6.02167e-130,2.16676e-34,5.22837e-117,5.01275e-98,1.49159e-87,8.64354e-80,1.58888e-190,1.51579e-121,1.23349e-153,6.77192e-171,6.17527e-45,1.076e-88,1.42766e-160,0,8.34416e-82,3.03633e-67,4.74772e-82
0.0015,1.46227e-27,0,0,0,7.3231e-91,0,2.61864e-85,3.99814e-129,1.34292e-89,1.39143e-34,3.17303e-73,2.72163e-142,1.62853e-227,3.91469e-136,2.99167e-45,1.76897e-131,2.88651e-73,0,1.81818e-129,2.16676e-34,1.57887e-116,5.01269e-98,1.49159e-87,2.61019e-79,4.53055e-208,4.57678e-121,1.12427e-152,6.1681e-170,6.17527e-45,3.25477e-88,2.00388e-171,0,2.52548e-81,3.50589e-79,1.4345e-81
0.0016,1.46227e-27,0,0,0,2.2073e-90,0,7.89302e-85,3.63238e-128,4.0478e-89,1.39143e-34,9.56402e-73,8.20345e-142,1.47955e-226,1.17995e-135,2.99167e-45,5.33198e-131,8.70041e-73,0,5.48029e-129,2.16676e-34,4.75899e-116,5.01269e-98,1.49159e-87,7.86755e-79,4.11609e-207,1.37952e-120,1.02142e-151,5.60383e-169,6.17527e-45,9.8104e-88,1.82056e-170,0,7.61223e-81,1.05673e-78,4.32383e-81
0.0017,1.46227e-27,0,0,0,6.63981e-90,0,2.37431e-84,3.28684e-127,1.21762e-88,1.39143e-34,2.87696e-72,2.46769e-141,1.33881e-225,3.54943e-135,2.99167e-45,1.60392e-130,2.61718e-72,0,1.64853e-128,2.16676e-34,1.43156e-115,5.01269e-98,1.49159e-87,2.36665e-78,3.72454e-206,4.14974e-120,9.24256e-151,5.07075e-168,6.17527e-45,2.95108e-87,1.64738e-169,0,2.28984e-80,3.17877e-78,1.30066e-80
0.0018,1.46227e-27,0,0,0,6.91151e-69,0,-1.19156e-70,5.03319e-106,5.20027e-68,1.39143e-34,8.63565e-72,1.33379e-129,-4.9233e-201,5.87574e-123,2.99167e-45,7.13019e-110,8.08336e-72,-2.68847e-282,-3.71769e-115,2.16676e-34,4.29704e-115,5.01704e-98,1.49159e-87,7.10386e-78,-5.20279e-172,-7.98367e-107,-3.66344e-137,-1.23451e-154,6.17527e-45,1.49749e-74,3.65386e-143,0,5.43341e-68,5.7274e-67,1.90169e-67
0.0019,1.46227e-27,0,0,0,7.67518e-78,0,2.12199e-83,1.09588e-109,2.08004e-68,1.39143e-34,2.58621e-71,2.39697e-128,7.51474e-205,2.11606e-122,2.99167e-45,1.90196e-111,2.36635e-71,-3.28727e-285,-3.22705e-118,2.16676e-34,1.28688e-114,5.0128e-98,1.49159e-87,2.12746e-77,-2.726e-175,-8.12326e-110,-6.41821e-139,-8.67844e-156,6.17527e-45,9.00061e-75,1.85279e-144,0,-8.87777e-71,4.55037e-67,1.35329e-68
0.002,1.46227e-27,0,0,0,1.78319e-88,0,6.37648e-83,-1.20079e-123,-8.68598e-83,1.39143e-34,7.72643e-71,6.62727e-140,9.65621e-223,9.53241e-134,2.99167e-45,-8.42031e-126,7.02875e-71,0,4.42733e-127,2.16676e-34,3.84461e-114,5.01269e-98,1.49159e-87,6.35591e-77,-7.58561e-202,1.11446e-118,6.66624e-148,3.65731e-165,6.17527e-45,7.92547e-86,1.18817e-166,0,6.14964e-79,8.53669e-77,3.49307e-79
0.0021,1.46227e-27,0,0,0,5.31377e-88,0,1.90013e-82,2.1051e-123,9.74449e-87,1.39143e-34,2.3024e-70,1.97487e-139,8.57456e-222,2.84057e-133,2.99167e-45,1.2836e-128,2.0945e-70,0,1.3193e-126,2.16676e-34,1.14566e-113,5.01269e-98,1.49159e-87,1.894e-76,2.38543e-202,3.32099e-118,5.91951e-147,3.24763e-164,6.17527e-45,2.36171e-85,1.05508e-165,0,1.83253e-78,2.54394e-76,1.0409e-78
0.0022,1.46227e-27,0,0,0,1.57918e-87,0,5.64694e-82,1.85922e-122,2.89593e-86,1.39143e-34,6.84243e-70,5.86903e-139,7.57303e-221,8.44178e-133,2.99167e-45,3.81468e-128,6.22457e-70,0,3.92079e-126,2.16676e-34,3.40474e-113,5.01269e-98,1.49159e-87,5.62871e-76,2.1068e-201,9.86954e-118,5.2281e-146,2.8683e-163,6.17527e-45,7.0187e-85,9.31848e-165,0,5.44605e-78,7.56024e-76,3.09342e-78
0.0023,1.46227e-27,0,0,0,2.76781e-86,0,1.67343e-81,1.82181e-118,8.42457e-82,1.39143e-34,2.02771e-69,1.80288e-139,4.23259e-221,4.78121e-133,2.99167e-45,9.44307e-124,1.84461e-69,8.00386e-319,9.04126e-126,2.16676e-34,1.00897e-112,5.01269e-98,1.49159e-87,1.66803e-75,3.27914e-197,2.27589e-117,2.39056e-145,8.02029e-163,6.17527e-45,7.41704e-85,1.74917e-164,0,1.02795e-77,1.75807e-75,5.84493e-78
0.0024,1.46227e-27,0,0,0,1.0334e-69,0,5.68763e-71,4.83547e-104,1.92096e-68,1.39143e-34,5.99109e-69,-8.15946e-130,-2.46666e-200,-2.40358e-123,2.99167e-45,5.4092e-110,5.45006e-69,-3.21005e-280,-9.87693e-116,2.16676e-34,2.98112e-112,5.01748e-98,1.49159e-87,4.92839e-75,-4.28363e-172,-4.64724e-107,-2.12365e-134,-8.64808e-152,6.17527e-45,-3.2634e-75,-5.02734e-143,0,1.08668e-67,4.40418e-67,-9.32536e-69
0.0025,1.46227e-27,0,0,0,1.55752e-79,0,1.45631e-80,5.17448e-107,1.38114e-68,1.39143e-34,1.76462e-68,1.51325e-137,5.03522e-218,2.17679e-131,2.99167e-45,1.45277e-111,1.60528e-68,6.31994e-293,1.01114e-124,2.16676e-34,8.7806e-112,5.01277e-98,1.49159e-87,1.45161e-74,2.35046e-185,2.54528e-116,3.47712e-143,1.90762e-160,6.17527e-45,1.80995e-83,2.59114e-155,0,1.40447e-76,3.38172e-67,7.97753e-77
0.0026,1.46227e-27,0,0,0,-1.93309e-78,0,4.27449e-80,-6.90089e-107,-7.04795e-69,1.39143e-34,5.18057e-68,-6.07543e-129,-8.15951e-209,-5.3458e-123,2.99167e-45,-6.17002e-112,4.71278e-68,-3.0242e-298,-1.91916e-123,2.16676e-34,2.57781e-111,5.01265e-98,1.49159e-87,4.26164e-74,1.55197e-188,-5.2013e-115,-9.00922e-141,-1.2293e-157,6.17527e-45,-2.26623e-75,4.95489e-152,0,-6.79176e-69,-1.48421e-67,-3.39583e-69
0.0027,1.46227e-27,0,0,0,3.49822e-85,0,1.25092e-79,9.12354e-118,6.41511e-84,1.39143e-34,1.51575e-67,1.30012e-136,3.71623e-216,1.87004e-130,2.99167e-45,8.45034e-126,1.37888e-67,3.55727e-319,8.6854e-124,2.16676e-34,7.54224e-111,5.01269e-98,1.49159e-87,1.24688e-73,1.03385e-196,2.18632e-115,2.56553e-141,1.40753e-158,6.17527e-45,1.55479e-82,4.57275e-160,0,1.20642e-75,1.67476e-73,6.85258e-76
0.0028,1.46227e-27,0,0,0,1.01999e-84,0,3.64777e-79,-1.29019e-115,-1.51475e-78,1.39143e-34,4.41911e-67,3.78401e-136,3.15149e-215,5.4474e-130,2.99167e-45,-1.34384e-121,4.02007e-67,4.57018e-314,2.53298e-123,2.16676e-34,2.19891e-110,5.01269e-98,1.49159e-87,3.63524e-73,-6.96064e-194,6.37611e-115,2.18159e-140,1.19702e-157,6.17527e-45,4.53188e-82,3.8853e-159,0,5.43341e-68,4.88238e-73,1.99809e-75
0.0029,1.46227e-27,0,0,0,-1.16703e-75,0,2.29941e-77,-3.07983e-108,-6.50283e-76,1.39143e-34,1.28363e-66,1.64348e-129,3.79768e-207,3.4987e-123,2.99167e-45,3.23881e-131,1.16772e-66,0,4.77075e-123,2.16676e-34,6.38724e-110,5.01251e-98,1.49159e-87,1.05594e-72,-2.26023e-192,1.20091e-114,8.81935e-140,3.47724e-157,6.17527e-45,3.626e-75,-3.87387e-150,0,8.5854e-75,1.71448e-75,9.32537e-69
0.003,1.46227e-27,0,0,0,5.23531e-84,0,3.06536e-78,2.68102e-115,-1.22495e-83,1.39143e-34,3.71432e-66,3.3652e-136,1.48289e-214,8.80757e-130,2.99167e-45,7.35181e-126,3.37893e-66,-2.13614e-311,1.65616e-122,2.16676e-34,1.84822e-109,5.01269e-98,1.49159e-87,3.05547e-72,7.53331e-192,4.16894e-114,1.23997e-141,-1.23047e-155,6.17527e-45,1.36014e-81,5.89127e-158,0,1.88493e-74,3.22034e-72,1.07066e-74
0.0031,1.46227e-27,0,0,0,1.50963e-83,0,8.83473e-78,2.5191e-114,2.20577e-82,1.39143e-34,1.07051e-65,9.69896e-136,1.23179e-213,2.53845e-129,2.99167e-45,3.07993e-124,9.73846e-66,3.45302e-310,4.77325e-122,2.16676e-34,5.32678e-109,5.01269e-98,1.49159e-87,8.80623e-72,7.81228e-192,1.20154e-113,4.35474e-138,-2.08654e-155,6.17527e-45,3.92008e-81,4.89365e-157,0,5.43259e-74,9.2814e-72,3.08578e-74
0.0032,1.46227e-27,0,0,0,3.21916e-79,0,2.53579e-77,2.04142e-109,-5.84592e-77,1.39143e-34,3.07264e-65,9.17402e-130,7.05573e-207,8.45555e-124,2.99167e-45,9.04817e-120,2.79519e-65,7.85701e-302,1.76064e-121,2.16676e-34,1.52892e-108,5.01269e-98,1.49159e-87,2.52761e-71,2.87933e-188,4.43195e-113,1.05424e-136,5.78375e-154,6.17527e-45,3.75036e-76,3.58862e-151,0,-5.43338e-68,3.39484e-71,5.8739e-70
0.0033,1.46227e-27,0,0,0,2.02608e-82,0,7.24736e-77,-5.11215e-111,-3.01885e-76,1.39143e-34,8.78167e-65,7.51219e-134,1.2428e-210,1.08165e-127,2.99167e-45,-2.68002e-119,7.9887e-65,7.15788e-305,5.032e-121,2.16676e-34,4.36969e-108,5.01269e-98,1.49159e-87,7.22397e-71,-2.75202e-189,1.26667e-112,8.61152e-136,4.72458e-153,6.17527e-45,9.00031e-80,1.53275e-154,0,6.98752e-73,9.70224e-71,3.96899e-73
0.0034,1.46227e-27,0,0,0,1.19458e-76,0,2.06218e-76,-7.60992e-101,-1.01876e-67,1.39143e-34,2.49876e-64,1.4565e-127,7.46974e-204,1.6828e-121,2.99167e-45,-4.98313e-110,2.27312e-64,-3.82811e-282,1.25658e-120,2.16676e-34,1.24336e-107,5.00984e-98,1.49159e-87,2.05553e-70,3.26086e-179,2.80507e-112,3.57774e-135,1.11777e-152,6.17527e-45,9.86583e-74,-2.55658e-142,0,1.2599e-72,-2.06576e-66,2.17974e-67
0.0035,1.46227e-27,0,0,0,1.63293e-81,0,5.84105e-76,-3.32066e-109,-2.43306e-75,1.39143e-34,7.07763e-64,6.05454e-133,8.07286e-209,8.71762e-127,2.99167e-45,-2.15997e-118,6.43854e-64,3.02014e-301,4.05557e-120,2.16676e-34,3.52178e-107,5.01269e-98,1.49159e-87,5.8222e-70,-1.78761e-187,1.02088e-111,5.59373e-134,3.06892e-151,6.17527e-45,7.25385e-79,9.95621e-153,0,5.43397e-68,7.81957e-70,3.19883e-72
0.0036,1.46227e-27,0,0,0,-1.48842e-77,0,1.64667e-75,-6.17193e-106,-7.65433e-75,1.39143e-34,1.99528e-63,-4.81111e-128,-2.48326e-203,-4.24733e-122,2.99167e-45,-1.33245e-117,1.81511e-63,1.60077e-297,1.14332e-119,2.16676e-34,9.92838e-107,5.01269e-98,1.49159e-87,1.64136e-69,-8.86203e-185,2.87801e-111,4.44564e-133,2.43904e-150,6.17527e-45,-1.80656e-74,-1.14438e-147,0,1.58764e-71,2.20443e-69,-2.71576e-68
0.0037,1.46227e-27,0,0,0,-1.44838e-79,0,4.61967e-75,-1.32316e-101,-1.40196e-68,1.39143e-34,5.59768e-63,4.78877e-132,5.05001e-207,6.89488e-126,2.99167e-45,-1.16095e-111,5.09223e-63,4.81512e-286,3.20754e-119,2.16676e-34,2.78537e-106,5.01262e-98,1.49159e-87,4.60476e-69,-7.62895e-180,8.07412e-111,3.49899e-132,1.91967e-149,6.17527e-45,5.73705e-78,-7.25179e-150,0,5.20296e-68,-2.97449e-67,2.52995e-71
0.0038,1.46227e-27,0,0,0,-1.89703e-78,0,1.28954e-74,-2.06306e-101,-7.04795e-69,1.39143e-34,1.56255e-62,-6.06203e-129,-2.45778e-203,-5.32652e-123,2.99167e-45,-6.17002e-112,1.42146e-62,9.17611e-286,8.95334e-119,2.16676e-34,7.77513e-106,5.01265e-98,1.49159e-87,1.28538e-68,-9.3238e-180,2.25376e-110,2.7261e-131,1.49538e-148,6.17527e-45,-2.2502e-75,-1.12117e-147,0,-6.6674e-69,-1.31156e-67,-3.32519e-69
0.0039,1.46227e-27,0,0,0,9.15926e-70,0,1.27939e-70,3.68664e-96,-1.48691e-68,1.39143e-34,4.33926e-62,1.21757e-128,-1.11995e-200,1.28671e-122,2.99167e-45,-1.21505e-110,3.94743e-62,-1.30981e-272,1.51035e-115,2.16676e-34,2.15918e-105,5.01262e-98,1.49159e-87,3.56956e-68,-2.98393e-172,-1.15094e-107,2.9405e-127,3.6642e-144,6.17527e-45,1.1536e-74,3.82275e-143,0,2.53022e-67,-1.77736e-67,9.93441e-68
0.004,1.46227e-27,0,0,0,2.76635e-79,0,9.8921e-74,5.70535e-106,5.07299e-78,1.39143e-34,1.19863e-61,1.02943e-130,2.32715e-204,1.47954e-124,2.99167e-45,6.68243e-120,1.0904e-61,2.87434e-295,6.8683e-118,2.16676e-34,5.96431e-105,5.01269e-98,1.49159e-87,9.86018e-68,6.46511e-185,1.72891e-109,1.60434e-129,8.8019e-147,6.17527e-45,1.22951e-76,2.85954e-148,0,9.54019e-70,1.32438e-67,5.41894e-70
0.0041,1.46227e-27,0,0,0,7.59803e-79,0,2.71758e-73,-6.9073e-104,-1.08201e-72,1.39143e-34,3.29291e-61,2.82916e-130,1.75619e-203,4.06362e-124,2.99167e-45,-9.8934e-116,2.99556e-61,1.3736e-290,1.88689e-117,2.16676e-34,1.63853e-104,5.01269e-98,1.49159e-87,2.70881e-67,-3.8998e-182,4.74975e-109,1.21089e-128,6.64375e-146,6.17527e-45,3.37579e-76,2.15608e-147,0,2.62038e-69,3.63811e-67,1.48841e-69
0.0042,1.46227e-27,0,0,0,-3.65114e-69,0,4.58567e-71,-2.29729e-95,-2.79901e-68,1.39143e-34,8.99555e-61,1.98137e-130,1.65084e-201,1.4161e-124,2.99167e-45,-5.75492e-110,8.18327e-61,1.40971e-274,9.06829e-116,2.16676e-34,4.47612e-104,5.00771e-98,1.49159e-87,7.39991e-67,-1.20533e-172,2.2827e-107,1.81281e-126,9.94321e-144,6.17527e-45,3.61662e-77,-2.34373e-145,0,1.88401e-68,1.19177e-69,1.07585e-70
0.0043,1.46227e-27,0,0,0,5.63876e-78,0,2.01635e-72,2.23627e-103,-2.73085e-74,1.39143e-34,2.44322e-60,2.15004e-129,9.92883e-202,3.04515e-123,2.99167e-45,-2.20662e-117,2.2226e-60,2.18262e-290,1.39999e-116,2.16676e-34,1.21573e-103,5.01269e-98,1.49159e-87,2.00984e-66,2.01277e-182,3.52411e-108,6.66575e-127,3.65704e-144,6.17527e-45,2.50616e-75,1.18809e-145,0,1.94462e-68,2.6995e-66,1.10456e-68
0.0044,1.46227e-27,0,0,0,1.52243e-77,0,5.44401e-72,1.728e-102,2.79186e-76,1.39143e-34,6.59654e-60,6.05457e-129,7.5765e-201,8.36327e-123,2.99167e-45,3.6776e-118,6.00089e-60,2.63669e-288,3.77989e-116,2.16676e-34,3.28239e-103,5.01269e-98,1.49159e-87,5.42644e-66,1.95811e-181,9.51487e-108,4.8591e-126,2.66585e-143,6.17527e-45,6.76647e-75,8.66078e-145,0,5.25034e-68,7.28856e-66,2.98225e-68
0.0045,1.46227e-27,0,0,0,4.1003e-77,0,1.4609e-71,4.16434e-98,1.39614e-68,1.39143e-34,1.77019e-59,1.80108e-128,6.09552e-200,2.34342e-122,2.99167e-45,1.15563e-111,1.61034e-59,5.30788e-275,1.01435e-115,2.16676e-34,8.80832e-103,5.01275e-98,1.49159e-87,1.45619e-65,2.4452e-176,2.55334e-107,3.49925e-125,1.91988e-142,6.17527e-45,1.81474e-74,6.25634e-144,0,1.40866e-67,1.98612e-65,8.00132e-68
0.0046,1.46227e-27,0,0,0,1.09082e-76,0,3.89587e-71,1.30911e-97,1.38645e-68,1.39143e-34,4.72065e-59,6.07203e-128,5.56723e-199,6.96903e-122,2.99167e-45,1.14677e-111,4.29439e-59,4.52518e-274,2.70501e-115,2.16676e-34,2.34896e-102,5.01275e-98,1.49159e-87,3.8833e-65,6.47178e-176,6.80913e-107,2.48851e-124,1.36533e-141,6.17527e-45,4.83947e-74,4.4379e-143,0,3.75654e-67,5.24589e-65,2.13375e-67
0.0047,1.46227e-27,0,0,0,2.88679e-76,0,1.03228e-70,6.21296e-100,5.29385e-75,1.39143e-34,1.25082e-58,2.49828e-127,6.19834e-198,2.35162e-121,2.99167e-45,6.97336e-117,1.13787e-58,3.40855e-283,7.16733e-115,2.16676e-34,6.22397e-102,5.01269e-98,1.49159e-87,1.02895e-64,7.04031e-179,1.80418e-106,1.74707e-123,9.58499e-141,6.17527e-45,1.28304e-73,3.11396e-142,0,9.95554e-67,1.38204e-64,5.65486e-67
0.0048,1.46227e-27,0,0,0,-3.89621e-69,0,1.93807e-70,3.10649e-92,1.1107e-67,1.39143e-34,3.29249e-58,1.72759e-126,1.22072e-196,1.18368e-120,2.99167e-45,1.55902e-109,2.99519e-58,5.58785e-267,2.22725e-114,2.16676e-34,1.63832e-101,5.0231e-98,1.49159e-87,2.70847e-64,4.37387e-171,5.33528e-106,1.628e-122,9.59111e-140,6.17527e-45,3.15863e-73,5.38775e-141,0,2.31771e-66,3.66383e-64,1.24968e-66
0.0049,1.46227e-27,0,0,0,1.9863e-75,0,7.10435e-70,-4.72056e-97,-2.82862e-69,1.39143e-34,8.60839e-58,7.48875e-126,1.31523e-195,4.89012e-120,2.99167e-45,-2.58635e-112,7.83107e-58,6.32807e-277,4.93274e-114,2.16676e-34,4.28347e-101,5.01267e-98,1.49159e-87,7.08143e-64,-2.62865e-175,1.24169e-105,8.27523e-122,4.54025e-139,6.17527e-45,8.82506e-73,1.4735e-140,0,6.85027e-66,9.51083e-64,3.89103e-66
0.005,1.46227e-27,0,0,0,5.15746e-75,0,1.84466e-69,-3.18257e-96,-7.34457e-69,1.39143e-34,2.23519e-57,4.74334e-125,2.17369e-194,2.85712e-119,2.99167e-45,-6.71553e-112,2.03336e-57,2.87633e-275,1.2808e-113,2.16676e-34,1.11221e-100,5.01265e-98,1.49159e-87,1.83871e-63,-1.77221e-174,3.22407e-105,5.5791e-121,3.061e-138,6.17527e-45,2.29145e-72,9.93425e-140,0,1.77869e-65,2.46951e-63,1.01031e-65
0.0051,1.46227e-27,0,0,0,1.3297e-74,0,4.75588e-69,-7.53293e-96,-4.91607e-69,1.39143e-34,5.76273e-57,3.07505e-124,3.64054e-193,1.78706e-118,2.99167e-45,-5.70437e-112,5.24236e-57,1.62871e-274,3.30213e-113,2.16676e-34,2.86749e-100,5.01265e-98,1.49159e-87,4.74053e-63,-3.78241e-174,8.31223e-105,3.70845e-120,2.03466e-137,6.17527e-45,5.90778e-72,6.60341e-139,0,4.58578e-65,6.36715e-63,2.60478e-65
0.0052,1.46227e-27,0,0,0,3.40494e-74,0,1.21729e-68,1.10103e-95,2.44899e-69,1.39143e-34,1.47499e-56,1.99483e-123,6.04964e-192,1.14242e-117,2.99167e-45,1.91714e-113,1.3418e-56,4.40857e-272,8.4519e-113,2.16676e-34,7.33945e-100,5.01269e-98,1.49159e-87,1.21336e-62,1.29943e-174,2.12754e-104,2.42945e-119,1.33289e-136,6.17527e-45,1.51392e-71,4.33453e-138,0,1.17375e-64,1.62973e-62,6.66974e-65
0.0053,1.46227e-27,0,0,0,8.64526e-74,0,3.09263e-68,-1.66391e-94,-3.32574e-68,1.39143e-34,3.74736e-56,1.2826e-122,9.88523e-191,7.30239e-117,2.99167e-45,-2.55043e-111,3.40898e-56,1.16285e-271,2.14728e-112,2.16676e-34,1.86466e-99,5.01254e-98,1.49159e-87,3.08265e-62,-1.06593e-172,5.40521e-104,1.56811e-118,8.60323e-136,6.17527e-45,3.83989e-71,2.79016e-137,0,2.98202e-64,4.14042e-62,1.69355e-64
0.0054,1.46227e-27,0,0,0,2.18062e-73,0,7.79762e-68,3.54511e-94,3.99887e-72,1.39143e-34,9.44843e-56,8.14149e-122,1.58228e-189,4.6246e-116,2.99167e-45,5.26754e-114,8.59526e-56,1.10977e-271,5.41406e-112,2.16676e-34,4.70147e-99,5.01269e-98,1.49159e-87,7.77246e-62,4.0172e-173,1.36284e-103,9.9688e-118,5.46919e-135,6.17527e-45,9.69199e-71,1.77685e-136,0,7.52022e-64,1.04396e-61,4.27157e-64
0.0055,1.46227e-27,0,0,0,5.45562e-73,0,1.95083e-67,1.1699e-94,-4.84421e-68,1.39143e-34,2.36383e-55,5.0929e-121,2.47644e-188,2.89024e-115,2.99167e-45,-4.1293e-111,2.15038e-55,1.00481e-269,1.35451e-111,2.16676e-34,1.17622e-98,5.01245e-98,1.49159e-87,1.94453e-61,-8.85921e-172,3.4096e-103,6.23965e-117,3.42331e-134,6.17527e-45,2.42493e-70,1.11225e-135,0,1.88143e-63,2.6118e-61,1.06869e-63
0.0056,1.46227e-27,0,0,0,1.35407e-72,0,4.84197e-67,1.18954e-92,-1.6451e-68,1.39143e-34,5.86704e-55,3.13665e-120,3.78561e-187,1.7794e-114,2.99167e-45,-1.28877e-111,5.33726e-55,1.91628e-269,3.36188e-111,2.16676e-34,2.9194e-98,5.01261e-98,1.49159e-87,4.82634e-61,6.36611e-172,8.46264e-103,3.84381e-116,2.10884e-133,6.17527e-45,6.01883e-70,6.85179e-135,0,4.66971e-63,6.48253e-61,2.65245e-63
0.0057,1.46227e-27,0,0,0,1.12488e-68,0,1.19194e-66,1.20818e-88,5.23244e-67,1.39143e-34,1.44441e-54,1.90085e-119,5.64791e-186,1.07815e-113,2.99167e-45,3.13206e-109,1.31398e-54,1.02069e-259,8.27745e-111,2.16676e-34,7.18727e-98,5.03215e-98,1.49159e-87,1.1882e-60,1.62728e-167,2.0834e-102,2.32955e-115,1.27796e-132,6.17527e-45,1.48147e-69,4.15391e-134,0,1.1498e-62,1.59595e-60,6.52917e-63
0.0058,1.46227e-27,0,0,0,8.13901e-72,0,2.91041e-66,4.61376e-91,-4.71531e-68,1.39143e-34,3.52656e-54,1.13319e-118,8.22068e-185,6.42673e-113,2.99167e-45,-4.27184e-111,3.20812e-54,8.61609e-266,2.02076e-110,2.16676e-34,1.75479e-97,5.01244e-98,1.49159e-87,2.90101e-60,4.04327e-170,5.08672e-102,1.38875e-114,7.61914e-132,6.17527e-45,3.61962e-69,2.47657e-133,0,2.80686e-62,3.89651e-60,1.59433e-62
0.0059,1.46227e-27,0,0,0,1.97035e-71,0,7.04571e-66,2.89685e-90,1.25772e-69,1.39143e-34,8.53733e-54,6.64196e-118,1.16645e-183,3.7663e-112,2.99167e-45,4.72467e-112,7.76643e-54,7.48093e-264,4.89199e-110,2.16676e-34,4.24811e-97,5.01271e-98,1.49159e-87,7.02297e-60,3.27945e-169,1.23143e-101,8.13894e-114,4.46527e-131,6.17527e-45,8.77029e-69,1.45249e-132,0,6.79506e-62,9.43294e-60,3.85967e-62
0.006,1.46227e-27,0,0,0,4.72873e-71,0,1.69093e-65,1.66708e-89,8.67164e-70,1.39143e-34,2.04891e-53,3.82676e-117,1.61284e-182,2.16925e-111,2.99167e-45,1.14228e-111,1.8639e-53,2.45407e-262,1.17405e-109,2.16676e-34,1.01952e-96,5.01275e-98,1.49159e-87,1.68548e-59,1.88908e-168,2.95536e-101,4.68781e-113,2.57188e-130,6.17527e-45,2.1092e-68,8.38067e-132,0,1.63078e-61,2.26386e-59,9.26299e-62
0.0061,1.46227e-27,0,0,0,1.12485e-70,0,4.02232e-65,9.4357e-89,3.98589e-69,1.39143e-34,4.87387e-53,2.16696e-116,2.17237e-181,1.22746e-110,2.99167e-45,2.93631e-111,4.43377e-53,7.92925e-261,2.79278e-109,2.16676e-34,2.4252e-96,5.01286e-98,1.49159e-87,4.00934e-59,1.07019e-167,7.03008e-101,2.6526e-112,1.4553e-129,6.17527e-45,5.04191e-68,4.76184e-131,0,3.87922e-61,5.38517e-59,2.20344e-61
0.0062,1.46227e-27,0,0,0,2.65163e-70,0,9.48186e-65,5.24591e-88,2.58289e-68,1.39143e-34,1.14892e-52,1.20623e-115,2.85014e-180,6.8209e-110,2.99167e-45,8.22448e-111,1.04518e-52,2.5129e-259,6.58346e-109,2.16676e-34,5.71696e-96,5.01316e-98,1.49159e-87,9.45126e-59,5.95908e-167,1.65721e-100,1.47403e-111,8.08697e-129,6.17527e-45,1.20213e-67,2.67169e-130,0,9.14454e-61,1.26945e-58,5.1942e-61
0.0063,1.46227e-27,0,0,0,6.19317e-70,0,2.21459e-64,2.86049e-87,2.80447e-68,1.39143e-34,2.68344e-52,6.60632e-115,3.64457e-179,3.72085e-109,2.99167e-45,1.65226e-110,2.44113e-52,7.30955e-258,1.53764e-108,2.16676e-34,1.33526e-95,5.01363e-98,1.49159e-87,2.20745e-58,3.24525e-166,3.8706e-100,8.04094e-111,4.41151e-128,6.17527e-45,2.88136e-67,1.48978e-129,0,2.13581e-60,2.96495e-58,1.21316e-60
0.0064,1.46227e-27,0,0,0,1.43289e-69,0,5.12383e-64,1.53114e-86,6.17181e-68,1.39143e-34,6.20857e-52,3.56863e-114,4.55146e-178,1.99178e-108,2.99167e-45,3.80911e-110,5.64795e-52,2.08922e-256,3.55758e-108,2.16676e-34,3.08934e-95,5.01487e-98,1.49159e-87,5.10729e-58,1.73674e-165,8.95526e-100,4.30435e-110,2.3615e-127,6.17527e-45,7.05792e-67,8.37273e-129,0,4.94155e-60,6.85989e-58,2.80685e-60
0.0065,1.46227e-27,0,0,0,3.28343e-69,0,1.17411e-63,8.03753e-86,6.02121e-68,1.39143e-34,1.42268e-51,1.91235e-113,5.57932e-177,1.04585e-107,2.99167e-45,7.93148e-110,1.29421e-51,5.70451e-255,8.15209e-108,2.16676e-34,7.07913e-95,5.01722e-98,1.49159e-87,1.17032e-57,9.10785e-165,2.05207e-99,2.26014e-109,1.23998e-126,6.17527e-45,1.82132e-66,4.87158e-128,0,1.13234e-59,1.57192e-57,6.43182e-60
0.0066,1.46227e-27,0,0,0,7.45022e-69,0,2.6641e-63,4.13815e-85,1.36624e-67,1.39143e-34,3.22811e-51,1.02923e-112,6.78867e-176,5.38461e-107,2.99167e-45,1.79968e-109,2.93662e-51,1.51212e-253,1.84974e-107,2.16676e-34,1.60628e-94,5.02298e-98,1.49159e-87,2.6555e-57,4.68921e-164,4.65623e-99,1.16364e-108,6.3841e-126,6.17527e-45,5.17503e-66,3.05904e-127,0,2.56933e-59,3.56675e-57,1.45941e-59
0.0067,1.46227e-27,0,0,0,1.6736e-68,0,5.98457e-63,2.08816e-84,2.85937e-67,1.39143e-34,7.25154e-51,5.69579e-112,8.37944e-175,2.71718e-106,2.99167e-45,4.02313e-109,6.59674e-51,3.84891e-252,4.1552e-107,2.16676e-34,3.60831e-94,5.03569e-98,1.49159e-87,5.96525e-57,2.36612e-163,1.04596e-98,5.87197e-108,3.22155e-125,6.17526e-45,1.68433e-65,2.16315e-126,0,5.77167e-59,8.01226e-57,3.27837e-59
0.0068,1.46227e-27,0,0,0,3.72122e-68,0,1.33066e-62,1.03238e-83,6.80986e-67,1.39143e-34,1.61237e-50,3.36331e-111,1.08693e-173,1.34334e-105,2.99167e-45,8.98538e-109,1.46677e-50,9.41098e-251,9.23898e-107,2.16676e-34,8.02301e-94,5.06406e-98,1.49159e-87,1.32636e-56,1.16985e-162,2.32568e-98,2.90303e-107,1.59269e-124,6.17526e-45,6.30358e-65,1.7448e-125,0,1.28332e-58,1.78151e-56,7.28941e-59
0.0069,1.46227e-27,0,0,0,8.18806e-68,0,2.92794e-62,4.99839e-83,1.49921e-66,1.39143e-34,3.54779e-50,2.20653e-110,1.5433e-172,6.50396e-105,2.99167e-45,1.97776e-108,3.22744e-50,2.20612e-249,2.0329e-106,2.16676e-34,1.76536e-93,5.12576e-98,1.49159e-87,2.91849e-56,5.66399e-162,5.11737e-98,1.40554e-106,7.71123e-124,6.17524e-45,2.61512e-64,1.55808e-124,0,2.82378e-58,3.91998e-56,1.60394e-58
0.007,1.46227e-27,0,0,0,1.78257e-67,0,6.37425e-62,2.36899e-82,3.26207e-66,1.39143e-34,7.72366e-50,1.63699e-109,2.45026e-171,3.08255e-104,2.99167e-45,4.30532e-108,7.02623e-50,4.95557e-248,4.42562e-106,2.16676e-34,3.84324e-93,5.25884e-98,1.49159e-87,6.35364e-56,2.68445e-161,1.11407e-97,6.66157e-106,3.65474e-123,6.1752e-45,1.14618e-63,1.46789e-123,0,6.14749e-58,8.53393e-56,3.49184e-58
0.0071,1.46227e-27,0,0,0,3.83878e-67,0,1.3727e-61,1.09864e-81,7.03412e-66,1.39143e-34,1.66328e-49,1.34411e-108,4.27497e-170,1.42955e-103,2.99167e-45,9.2725e-108,1.51309e-49,1.06581e-246,9.53016e-106,2.16676e-34,8.27637e-93,5.54283e-98,1.49159e-87,1.36825e-55,1.24494e-160,2.39915e-97,3.08935e-105,1.69491e-122,6.17511e-45,5.11867e-63,1.40246e-122,0,1.32386e-57,1.83777e-55,7.51969e-58
0.0072,1.46227e-27,0,0,0,8.32517e-67,0,2.92351e-61,5.07768e-81,1.47566e-65,1.39143e-34,3.54231e-49,1.16928e-107,7.8541e-169,6.48419e-103,2.99167e-45,1.98734e-107,3.22245e-49,2.23226e-245,2.02951e-105,2.16676e-34,1.76264e-92,6.14731e-98,1.49159e-87,2.914e-55,5.72138e-160,5.10962e-97,1.40129e-104,7.68791e-122,6.17494e-45,2.28069e-62,1.32659e-121,0,2.81951e-57,3.91395e-55,1.60151e-57
0.0073,1.46227e-27,0,0,0,1.72165e-66,0,6.15639e-61,2.20996e-80,3.16477e-65,1.39143e-34,7.45917e-49,1.03582e-106,1.45842e-167,2.87534e-102,2.99167e-45,4.16377e-107,6.78562e-49,4.31843e-244,4.27297e-105,2.16676e-34,3.71168e-92,7.39326e-98,1.49159e-87,6.13617e-55,2.50506e-159,1.07599e-96,6.21397e-104,3.40918e-121,6.17457e-45,1.00288e-61,1.22652e-120,0,5.93738e-57,8.24183e-55,3.3725e-57
0.0074,1.46227e-27,0,0,0,3.58393e-66,0,1.28157e-60,9.57607e-80,6.57051e-65,1.39143e-34,1.55264e-48,9.106e-106,2.66271e-166,1.24596e-101,2.99167e-45,8.65721e-107,1.41244e-48,8.09734e-243,8.89152e-105,2.16676e-34,7.72604e-92,9.96232e-98,1.49159e-87,1.27728e-54,1.08512e-158,2.23987e-96,2.69277e-103,1.47734e-120,6.17381e-45,4.32845e-61,1.10119e-119,0,1.23598e-56,1.71559e-54,7.02048e-57
0.0075,1.46227e-27,0,0,0,7.37345e-66,0,2.63666e-60,4.05333e-79,1.35201e-64,1.39143e-34,3.19381e-48,7.83099e-105,4.7057e-165,5.27341e-101,2.99167e-45,1.78113e-106,2.90542e-48,1.45073e-241,1.82786e-104,2.16676e-34,1.58932e-91,1.5196e-97,1.49159e-87,2.6275e-54,4.59304e-158,4.60822e-96,1.13978e-102,6.25322e-120,6.17227e-45,1.82849e-60,9.56725e-119,0,2.54286e-56,3.52915e-54,1.44437e-56
0.0076,1.46227e-27,0,0,0,1.49873e-65,0,5.36e-60,1.67526e-78,2.74885e-64,1.39143e-34,6.49043e-48,6.53824e-104,7.98251e-164,2.17892e-100,2.99167e-45,3.62207e-106,5.90436e-48,2.47968e-240,3.7099e-104,2.16676e-34,3.23e-91,2.57197e-97,1.49159e-87,5.34001e-54,1.89876e-157,9.36784e-96,4.71021e-102,2.58418e-119,6.16917e-45,7.54796e-60,8.0274e-118,0,5.16932e-56,7.17251e-54,2.93623e-56
0.0077,1.46227e-27,0,0,0,3.01013e-65,0,1.0764e-59,6.75534e-78,5.52006e-64,1.39143e-34,1.30254e-47,5.2782e-103,1.2938e-162,8.7845e-100,2.99167e-45,7.27131e-106,1.18492e-47,4.02926e-239,7.42678e-104,2.16676e-34,6.48301e-91,4.65854e-97,1.49159e-87,1.07184e-53,7.65462e-157,1.88122e-95,1.89955e-101,1.04216e-118,6.16302e-45,3.04145e-59,6.49567e-117,0,1.03811e-55,1.43967e-53,5.89657e-56
0.0078,1.46227e-27,0,0,0,5.97015e-65,0,2.13492e-59,2.65738e-77,1.09482e-63,1.39143e-34,2.58004e-47,4.10995e-102,1.99798e-161,3.45342e-99,2.99167e-45,1.44216e-105,2.34707e-47,6.23443e-238,1.46396e-103,2.16676e-34,1.28447e-90,8.74659e-97,1.49159e-87,2.12376e-53,3.01102e-156,3.73101e-95,7.47221e-101,4.09953e-118,6.15101e-45,1.19524e-58,5.06331e-116,0,2.05897e-55,2.8526e-53,1.16952e-55
0.0079,1.46227e-27,0,0,0,1.16916e-64,0,4.18101e-59,1.01916e-76,2.14402e-63,1.39143e-34,5.03995e-47,3.08154e-101,2.93391e-160,1.32285e-98,2.99167e-45,2.82423e-105,4.58485e-47,9.1684e-237,2.83321e-103,2.16676e-34,2.51035e-90,1.66484e-96,1.49159e-87,4.15117e-53,1.1547e-155,7.30618e-95,2.86563e-100,1.57221e-117,6.12788e-45,4.57662e-58,3.79759e-115,0,4.03227e-55,5.57593e-53,2.29037e-55
0.008,1.46227e-27,0,0,0,2.26015e-64,0,8.083e-59,3.80888e-76,4.14471e-63,1.39143e-34,9.69661e-47,2.22133e-100,4.08949e-159,4.93242e-98,2.99166e-45,5.45965e-105,8.82103e-47,1.28013e-235,5.35617e-103,2.16676e-34,4.83427e-90,3.1716e-96,1.49159e-87,7.99599e-53,4.31484e-155,1.41225e-94,1.07089e-99,5.8755e-117,6.08409e-45,1.70545e-57,2.73692e-114,0,7.79543e-55,1.07408e-52,4.42789e-55
0.0081,1.46227e-27,0,0,0,4.31186e-64,0,1.54223e-58,1.38644e-75,7.9072e-63,1.39142e-34,1.83343e-46,1.53684e-99,5.40061e-158,1.78762e-97,2.99166e-45,1.04158e-104,1.66788e-46,1.69503e-234,9.80662e-103,2.16675e-34,9.15654e-90,6.0052e-96,1.49158e-87,1.51519e-52,1.57019e-154,2.69374e-94,3.89754e-99,2.13848e-116,6.00287e-45,6.17458e-57,1.89204e-113,0,1.48736e-54,2.03548e-52,8.44835e-55
0.0082,1.46226e-27,0,0,0,8.11573e-64,0,2.90336e-58,4.91268e-75,1.48829e-62,1.39142e-34,3.39452e-46,1.0182e-98,6.74138e-157,6.28355e-97,2.99165e-45,1.96045e-104,3.088e-46,2.12564e-233,1.71502e-102,2.16675e-34,1.70072e-89,1.12587e-95,1.49158e-87,2.81662e-52,5.56108e-154,5.06833e-94,1.3807e-98,7.5761e-116,5.85608e-45,2.16638e-56,1.25144e-112,0,2.80006e-54,3.78436e-52,1.59046e-54
0.0083,1.46226e-27,0,0,0,1.50656e-63,0,5.39169e-58,1.69357e-74,2.76279e-62,1.39142e-34,6.11684e-46,6.43886e-98,7.92829e-156,2.1348e-96,2.99164e-45,3.63927e-104,5.5645e-46,2.52056e-232,2.80799e-102,2.16674e-34,3.08229e-89,2.08571e-95,1.49156e-87,5.11236e-52,1.91538e-153,9.40248e-94,4.75756e-98,2.61088e-115,5.60009e-45,7.33612e-56,7.88932e-112,0,5.19981e-54,6.87076e-52,2.95355e-54
0.0084,1.46225e-27,0,0,0,2.75722e-63,0,9.87436e-58,5.67645e-74,5.05637e-62,1.39141e-34,1.06238e-45,3.86723e-97,8.74328e-155,6.97222e-96,2.99162e-45,6.66044e-104,9.66445e-46,2.82045e-231,4.20322e-102,2.16672e-34,5.40722e-89,3.81302e-95,1.49153e-87,8.99226e-52,6.40962e-153,1.71879e-93,1.59331e-97,8.74593e-115,5.17628e-45,2.38252e-55,4.71279e-111,0,9.52284e-54,1.20912e-51,5.40908e-54
0.0085,1.46223e-27,0,0,0,4.97254e-63,0,1.78296e-57,1.84852e-73,9.11913e-62,1.39139e-34,1.7524e-45,2.18946e-96,8.97782e-154,2.17063e-95,2.99158e-45,1.20119e-103,1.59416e-45,2.97e-230,5.6526e-102,2.1667e-34,9.0701e-89,6.87265e-95,1.49148e-87,1.51519e-51,2.08135e-152,3.0934e-93,5.181e-97,2.84512e-114,4.52742e-45,7.34942e-55,2.64428e-110,0,1.71946e-53,2.0392e-51,9.76671e-54
0.0086,1.4622e-27,0,0,0,8.83142e-63,0,3.17333e-57,5.84334e-73,1.61964e-61,1.39136e-34,2.69144e-45,1.15563e-95,8.49581e-153,6.36208e-95,2.99151e-45,2.13338e-103,2.44841e-45,2.9316e-229,6.85231e-102,2.16665e-34,1.43029e-88,1.22023e-94,1.4914e-87,2.40696e-51,6.54676e-152,5.47431e-93,1.6336e-96,8.97733e-114,3.64435e-45,2.12443e-54,1.37642e-109,0,3.06019e-53,3.24466e-51,1.73822e-53
0.0087,1.46214e-27,0,0,0,1.5433e-62,0,5.5656e-57,1.79102e-72,2.83049e-61,1.3913e-34,3.76876e-45,5.60178e-95,7.30596e-152,1.72657e-94,2.9914e-45,3.72818e-103,3.42845e-45,2.69698e-228,7.67986e-102,2.16656e-34,2.0795e-88,2.13203e-94,1.49125e-87,3.5387e-51,1.98964e-151,9.50786e-93,4.98533e-96,2.74304e-113,2.63118e-45,5.66135e-54,6.54524e-109,0,5.36684e-53,4.78418e-51,3.04843e-53
0.0088,1.46204e-27,0,0,0,2.65032e-62,0,9.61661e-57,5.31489e-72,4.86128e-61,1.39121e-34,4.75663e-45,2.45012e-94,5.61333e-151,4.2577e-94,2.9912e-45,6.40265e-103,4.32711e-45,2.29308e-227,8.19654e-102,2.16642e-34,2.74736e-88,3.66112e-94,1.49099e-87,4.74625e-51,5.82055e-151,1.61608e-92,1.46865e-95,8.09762e-113,1.70194e-45,1.37092e-53,2.80146e-108,0,9.27221e-53,6.44993e-51,5.26672e-53
0.0089,1.46188e-27,0,0,0,4.46485e-62,0,1.63655e-56,1.52395e-71,8.19075e-61,1.39106e-34,5.47095e-45,9.51572e-94,3.79056e-150,9.3961e-94,2.99088e-45,1.07868e-102,4.97694e-45,1.78001e-226,8.50608e-102,2.16619e-34,3.30305e-88,6.16767e-94,1.49057e-87,5.80585e-51,1.63016e-150,2.67704e-92,4.16094e-95,2.302e-112,1.02963e-45,3.0033e-53,1.07136e-107,0,1.57767e-52,7.96065e-51,8.96132e-53
0.009,1.46162e-27,0,0,0,7.36009e-62,0,2.74232e-56,4.21053e-71,1.35051e-60,1.39081e-34,5.90946e-45,3.25503e-93,2.22693e-149,1.84677e-93,2.99034e-45,1.77828e-102,5.37585e-45,1.24006e-225,8.68859e-102,2.1658e-34,3.68811e-88,1.01675e-93,1.48988e-87,6.589e-51,4.33711e-150,4.29607e-92,1.12784e-94,6.27336e-112,6.16224e-46,6.019e-53,3.68451e-107,0,2.6429e-52,9.16988e-51,1.5012e-52
0.0091,1.4612e-27,0,0,0,1.18308e-61,0,4.52351e-56,1.11682e-70,2.17157e-60,1.39041e-34,6.16566e-45,9.83184e-93,1.13796e-148,3.25385e-93,2.98948e-45,2.85872e-102,5.60891e-45,7.57953e-225,8.79523e-102,2.16518e-34,3.92783e-88,1.63448e-93,1.48877e-87,7.10749e-51,1.08462e-149,6.62602e-92,2.90434e-94,1.62887e-111,3.73561e-46,1.12847e-52,1.16114e-106,0,4.35752e-52,1.0129e-50,2.47512e-52
0.0092,1.46054e-27,0,0,0,1.84592e-61,0,7.34318e-56,2.83027e-70,3.38973e-60,1.38978e-34,6.31527e-45,2.64525e-92,5.09378e-148,5.19272e-93,2.98812e-45,4.46076e-102,5.74502e-45,3.95512e-224,8.85637e-102,2.16419e-34,4.07022e-88,2.55043e-93,1.48701e-87,7.43118e-51,2.51566e-149,9.7276e-92,7.04439e-94,3.99873e-111,2.30076e-46,2.02632e-52,3.43045e-106,0,7.0686e-52,1.09815e-50,4.01504e-52
0.0093,1.4595e-27,0,0,0,2.77998e-61,0,1.17282e-55,6.8134e-70,5.10769e-60,1.38879e-34,6.40215e-45,6.39142e-92,2.0136e-147,7.56224e-93,2.986e-45,6.71814e-102,5.82405e-45,1.71256e-223,8.88938e-102,2.16265e-34,4.15163e-88,3.84106e-93,1.48429e-87,7.62455e-51,5.33098e-149,1.34601e-91,1.59434e-93,9.20155e-111,1.44012e-46,3.55161e-52,9.69291e-106,0,1.12769e-51,1.1882e-50,6.4054e-52
0.0094,1.45792e-27,0,0,0,4.01657e-61,0,1.84246e-55,1.54834e-69,7.38315e-60,1.38729e-34,6.45076e-45,1.39471e-91,7.07158e-147,1.01013e-92,2.98276e-45,9.70454e-102,5.86827e-45,6.01253e-223,8.90371e-102,2.16031e-34,4.19415e-88,5.54849e-93,1.48012e-87,7.73182e-51,1.01808e-148,1.74316e-91,3.34079e-93,1.96904e-110,9.16298e-47,6.15965e-52,2.65857e-105,0,1.76852e-51,1.29761e-50,1.00454e-51
0.0095,1.45555e-27,0,0,0,5.53643e-61,0,2.84627e-55,3.30255e-69,1.01781e-59,1.38503e-34,6.47452e-45,1.94174e-66,3.04487e-121,1.24677e-92,2.97791e-45,1.33671e-101,5.88989e-45,1.69398e-222,-3.93925e-70,2.15679e-34,4.20988e-88,7.64253e-93,1.4739e-87,7.77958e-51,1.73803e-148,2.112e-91,6.45921e-93,3.89971e-110,5.92743e-47,1.06604e-51,7.14564e-105,0,2.72499e-51,1.4398e-50,1.54783e-51
0.0096,1.45206e-27,0,0,0,7.25391e-61,0,4.32267e-55,6.58668e-69,1.33257e-59,1.38171e-34,6.48042e-45,5.86544e-66,1.26413e-120,1.44018e-92,2.97077e-45,1.74841e-101,5.89526e-45,3.85611e-222,6.33475e-69,2.15163e-34,4.20465e-88,9.9964e-93,1.46479e-87,7.78192e-51,2.65511e-148,2.41281e-91,1.15609e-92,7.15298e-110,3.89903e-47,1.84693e-51,1.88934e-104,0,4.12278e-51,1.62607e-50,2.34178e-51
0.0097,1.44703e-27,0,0,0,9.02873e-61,0,6.45237e-55,1.22752e-68,1.6548e-59,1.37692e-34,6.47155e-45,4.61672e-68,1.75685e-122,1.58246e-92,2.96047e-45,2.16902e-101,5.8872e-45,7.2484e-222,-2.1919e-72,2.14417e-34,4.18025e-88,1.24012e-92,1.45172e-87,7.74446e-51,3.66619e-148,2.63364e-91,1.93292e-92,1.22278e-109,2.60831e-47,3.19599e-51,4.90534e-104,0,6.12029e-51,1.86301e-50,3.4764e-51
0.0098,1.43991e-27,0,0,0,1.07057e-60,0,9.464e-55,2.14365e-68,1.95308e-59,1.37015e-34,6.44846e-45,2.03813e-67,8.10019e-122,1.67916e-92,2.94591e-45,2.55728e-101,5.8662e-45,1.15904e-221,1.70556e-72,2.13363e-34,4.13583e-88,1.46211e-92,1.43338e-87,7.66712e-51,4.64522e-148,2.78323e-91,3.05303e-92,1.96683e-109,1.7746e-47,5.48521e-51,1.24217e-103,0,8.90735e-51,2.14865e-50,5.05948e-51
0.0099,1.43005e-27,0,0,0,1.21594e-60,0,1.3637e-54,3.52734e-68,2.20023e-59,1.36077e-34,6.40999e-45,-1.03838e-67,-1.08877e-121,1.73988e-92,2.92573e-45,2.87861e-101,5.83121e-45,1.62564e-221,5.2381e-73,2.11902e-34,4.06875e-88,1.64583e-92,1.40826e-87,7.54599e-51,5.48662e-148,2.87649e-91,4.60124e-92,3.0058e-109,1.22795e-47,9.24392e-51,3.03722e-103,0,1.2697e-50,2.46885e-50,7.21202e-51
0.01,1.41667e-27,0,0,0,1.33181e-60,0,1.93004e-54,5.50706e-68,2.38025e-59,1.34804e-34,6.35377e-45,1.28526e-68,5.25096e-123,1.77302e-92,2.89835e-45,3.11166e-101,5.78007e-45,2.05558e-221,5.37281e-72,2.09919e-34,3.97528e-88,1.77909e-92,1.3747e-87,7.37476e-51,6.12544e-148,2.92644e-91,6.66494e-92,4.39873e-109,8.64092e-48,1.51326e-50,7.09136e-103,0,1.77074e-50,2.79671e-50,1.0058e-50
0.0101,1.39889e-27,0,0,0,1.41612e-60,0,2.68246e-54,8.2146e-68,2.48624e-59,1.33112e-34,6.27654e-45,-2.70516e-68,1.09734e-123,1.78455e-92,2.86198e-45,3.24825e-101,5.70983e-45,2.39661e-221,-1.3085e-72,2.07285e-34,3.85131e-88,1.8572e-92,1.33103e-87,7.14615e-51,6.53585e-148,2.94224e-91,9.32204e-92,6.19789e-109,6.18239e-48,2.38389e-50,1.56512e-102,0,2.41317e-50,3.09766e-50,1.37071e-50
0.0102,1.37578e-27,0,0,0,1.4701e-60,0,3.66062e-54,1.17783e-67,2.51906e-59,1.30913e-34,6.17454e-45,-2.45257e-67,-2.26771e-121,1.7782e-92,2.81468e-45,3.2896e-101,5.61705e-45,2.62099e-221,-1.69309e-72,2.0386e-34,3.69302e-88,1.88086e-92,1.2758e-87,6.85338e-51,6.71933e-148,2.92961e-91,1.26232e-91,8.43708e-109,4.49604e-48,3.59031e-50,3.24038e-102,0,3.20953e-50,3.3394e-50,1.82305e-50
0.0103,1.34639e-27,0,0,0,1.49652e-60,0,4.90436e-54,1.63121e-67,2.48385e-59,1.28117e-34,6.04381e-45,-6.62798e-66,-1.26631e-119,1.75614e-92,2.75455e-45,3.24235e-101,5.49813e-45,2.7219e-221,-1.64088e-70,1.99506e-34,3.49785e-88,1.85387e-92,1.20802e-87,6.49179e-51,6.69252e-148,2.89178e-91,1.65703e-91,1.11171e-108,3.32179e-48,5.15289e-50,6.26446e-102,0,4.16048e-50,3.50169e-50,2.3632e-50
0.0104,1.30987e-27,0,0,0,1.49838e-60,0,6.4504e-54,2.18989e-67,2.3878e-59,1.24641e-34,5.88064e-45,-3.09924e-66,-4.6435e-120,1.7195e-92,2.6798e-45,3.11609e-101,5.34971e-45,2.70634e-221,-1.12379e-70,1.94093e-34,3.26528e-88,1.7817e-92,1.12747e-87,6.06058e-51,6.47962e-148,2.83043e-91,2.10951e-91,1.41914e-108,2.49169e-48,7.04573e-50,1.12901e-101,0,5.24961e-50,3.57974e-50,2.98183e-50
0.0105,1.26549e-27,0,0,0,1.47845e-60,0,8.32842e-54,2.85697e-67,2.23985e-59,1.20418e-34,5.68199e-45,1.45522e-66,5.70382e-120,1.66888e-92,2.589e-45,2.92233e-101,5.169e-45,2.5894e-221,1.49075e-74,1.87518e-34,2.99764e-88,1.67094e-92,1.0349e-87,5.56411e-51,6.10898e-148,2.74642e-91,2.60434e-91,1.75548e-108,1.89589e-48,9.19367e-50,1.89815e-101,0,6.43973e-50,3.58029e-50,3.65784e-50
0.0106,1.21284e-27,0,0,0,1.43915e-60,0,1.05568e-53,3.62809e-67,2.05019e-59,1.15408e-34,5.44597e-45,-1.08394e-67,-4.53869e-121,1.60477e-92,2.48126e-45,2.6744e-101,4.95431e-45,2.39075e-221,-6.68287e-75,1.79715e-34,2.70049e-88,1.52921e-92,9.32206e-88,5.01273e-51,5.61222e-148,2.64042e-91,3.11717e-91,2.10418e-108,1.46167e-48,1.14776e-49,2.98323e-101,0,7.67209e-50,3.51483e-50,4.35783e-50
0.0107,1.15183e-27,0,0,0,1.38266e-60,0,1.31388e-53,4.48922e-67,1.83034e-59,1.09602e-34,5.17231e-45,-2.06574e-67,-2.36817e-120,1.52776e-92,2.35643e-45,2.38725e-101,4.70537e-45,2.1326e-221,8.13902e-71,1.70675e-34,2.38251e-88,1.36505e-92,8.22369e-88,4.42262e-51,5.02386e-148,2.51337e-91,3.6161e-91,2.44358e-108,1.1403e-48,1.37452e-49,4.39512e-101,0,8.86974e-50,3.39481e-50,5.03811e-50
0.0108,1.08282e-27,0,0,0,1.31116e-60,0,1.60591e-53,5.41499e-67,1.59271e-59,1.03036e-34,4.86264e-45,-6.96596e-68,-4.17955e-121,1.43882e-92,2.21524e-45,2.07707e-101,4.42367e-45,1.83814e-221,-4.76774e-77,1.6045e-34,2.05483e-88,1.18771e-92,7.09218e-88,3.81446e-51,4.38032e-148,2.36683e-91,4.06499e-91,2.74911e-108,8.98739e-49,1.58276e-49,6.0882e-101,0,9.94549e-50,3.23011e-50,5.64915e-50
0.0109,1.00665e-27,0,0,0,1.22697e-60,0,1.92826e-53,6.36798e-67,1.34986e-59,9.57881e-35,4.52073e-45,-1.0116e-67,-4.65154e-120,1.33942e-92,2.05939e-45,1.7602e-101,4.11265e-45,1.53001e-221,9.77974e-71,1.49163e-34,1.72986e-88,1.00655e-92,5.97021e-88,3.21126e-51,3.71801e-148,2.20315e-91,4.42819e-91,2.99653e-108,7.14388e-49,1.75594e-49,7.95355e-101,0,1.08134e-49,3.02934e-50,6.14212e-50
0.011,9.24616e-28,0,0,0,1.13264e-60,0,2.2754e-53,7.29942e-67,1.11358e-59,8.79821e-35,4.15244e-45,4.87544e-68,1.12218e-120,1.23153e-92,1.89155e-45,1.45195e-101,3.77761e-45,1.22862e-221,-5.93277e-77,1.37008e-34,1.41974e-88,8.30304e-93,4.8997e-88,2.63561e-51,3.07063e-148,2.02556e-91,4.67576e-91,3.16551e-108,5.71607e-49,1.88016e-49,9.82897e-101,0,1.14013e-49,2.80061e-50,6.47607e-50
0.0111,8.38432e-28,0,0,0,1.03103e-60,0,2.64009e-53,8.15178e-67,8.93749e-60,7.97812e-35,3.76546e-45,-2.50731e-67,-2.71691e-120,1.11761e-92,1.71522e-45,1.16524e-101,3.42559e-45,9.50602e-222,1.08083e-76,1.24237e-34,1.13499e-88,6.66363e-93,3.91683e-88,2.10702e-51,2.46658e-148,1.83811e-91,4.7881e-91,3.24269e-108,4.59488e-49,1.94611e-49,1.15255e-100,0,1.16621e-49,2.55199e-50,6.62423e-50
0.0112,7.50116e-28,0,0,0,9.25182e-61,0,3.01377e-53,8.86347e-67,6.97708e-60,7.13775e-35,3.36889e-45,2.81196e-67,3.47925e-120,1.00048e-92,1.53453e-45,9.09587e-102,3.06482e-45,7.07673e-222,-5.03747e-77,1.1115e-34,8.83333e-89,5.20177e-93,3.04829e-88,1.63987e-51,1.92681e-148,1.64542e-91,4.75877e-91,3.2237e-108,3.70364e-49,1.95036e-49,1.28639e-100,0,1.15806e-49,2.29168e-50,6.57793e-50
0.0113,6.61855e-28,0,0,0,8.18211e-61,0,3.3872e-53,9.37574e-67,5.29803e-60,6.2979e-35,2.97254e-45,2.50432e-66,3.39459e-119,8.83163e-93,1.35397e-45,6.90661e-102,2.70426e-45,5.06222e-222,2.49408e-71,9.80722e-35,6.69183e-89,3.94986e-93,2.30922e-88,1.24232e-51,1.46387e-148,1.45244e-91,4.5951e-91,3.11347e-108,2.98797e-49,1.89554e-49,1.37096e-100,0,1.11747e-49,2.02781e-50,6.34737e-50
0.0114,5.75791e-28,0,0,0,7.13094e-61,0,3.7513e-53,9.64128e-67,3.91436e-60,5.47895e-35,2.58604e-45,-5.05589e-67,-8.08784e-120,7.68588e-93,1.17789e-45,5.10258e-102,2.35264e-45,3.4751e-222,-4.42652e-72,8.53194e-35,4.9351e-89,2.91821e-93,1.70297e-88,9.16196e-52,1.08197e-148,1.26398e-91,4.31626e-91,2.92499e-108,2.40869e-49,1.78958e-49,1.39974e-100,0,1.0491e-49,1.76801e-50,5.95899e-50
0.0115,4.93814e-28,0,0,0,6.12423e-61,0,4.09807e-53,9.6321e-67,2.81461e-60,4.6989e-35,2.21788e-45,-2.45616e-67,-2.35577e-120,6.59336e-93,1.01019e-45,3.66886e-102,2.01772e-45,2.28629e-222,-1.08652e-71,7.31722e-35,3.54356e-89,2.09829e-93,1.22276e-88,6.57863e-52,7.7822e-149,1.08429e-91,3.94931e-91,2.67665e-108,1.93698e-49,1.644e-49,1.3736e-100,0,9.59498e-50,1.51889e-50,5.45006e-50
0.0116,4.17464e-28,0,0,0,5.18292e-61,0,4.42096e-53,9.34481e-67,1.97007e-60,3.97239e-35,1.87498e-45,-5.88349e-67,-6.38165e-120,5.57502e-93,8.53995e-46,2.56793e-102,1.70577e-45,1.43967e-222,-2.27777e-74,6.18589e-35,2.47763e-89,1.46867e-93,8.54934e-89,4.59975e-52,5.44833e-149,9.16815e-92,3.52479e-91,2.38914e-108,1.55147e-49,1.47192e-49,1.29967e-100,0,8.56065e-50,1.28576e-50,4.86255e-50
0.0117,3.47868e-28,0,0,0,4.3224e-61,0,4.71522e-53,8.80221e-67,1.34252e-60,3.31015e-35,1.56241e-45,-2.3217e-67,-4.92947e-120,4.64623e-93,7.1162e-46,1.74992e-102,1.42141e-45,8.6666e-223,1.4997e-76,5.15463e-35,1.68706e-89,1.00084e-93,5.82132e-89,3.13207e-52,3.71345e-149,7.64067e-92,3.0727e-91,2.08283e-108,1.23603e-49,1.28633e-49,1.18914e-100,0,7.46055e-50,1.07252e-50,4.23768e-50
0.0118,2.85725e-28,0,0,0,3.55239e-61,0,4.97784e-53,8.05056e-67,8.90817e-61,2.71882e-35,1.28331e-45,-1.96166e-67,-9.21063e-121,3.81655e-93,5.84494e-46,1.16113e-102,1.1675e-45,4.98279e-223,-2.49709e-72,4.23381e-35,1.11879e-89,6.64102e-94,3.86043e-89,2.07708e-52,2.46429e-149,6.27622e-92,2.61951e-91,1.77571e-108,9.78241e-50,1.09876e-49,1.05493e-100,0,6.35872e-50,8.81617e-51,3.61183e-50
0.0119,2.31329e-28,0,0,0,2.8773e-61,0,5.20757e-53,7.15247e-67,5.75563e-61,2.20122e-35,1.039e-45,-2.06081e-67,-4.74778e-120,3.09008e-93,4.73217e-46,7.50215e-103,9.45241e-46,2.73425e-223,4.61321e-72,3.42779e-35,7.226e-90,4.29088e-94,2.49333e-89,1.34154e-52,1.5923e-149,5.08152e-92,2.18642e-91,1.48215e-108,7.68277e-50,9.18515e-50,9.09584e-101,0,5.30636e-50,7.142e-51,3.01407e-50
0.012,1.84622e-28,0,0,0,2.29692e-61,0,5.4046e-53,6.1773e-67,3.62101e-61,1.75677e-35,8.2922e-46,1.93552e-67,4.63686e-120,2.46613e-93,3.77669e-46,4.71989e-103,7.54392e-46,1.43145e-223,-1.17937e-72,2.73568e-35,4.54534e-90,2.69958e-94,1.56836e-89,8.43864e-53,1.00179e-149,4.05544e-92,1.7886e-91,1.21246e-108,5.98179e-50,7.52288e-50,7.63878e-101,0,4.34009e-50,5.70238e-51,2.46522e-50
0.0121,1.45255e-28,0,0,0,1.8073e-61,0,5.57035e-53,5.19162e-67,2.21811e-61,1.38217e-35,6.52407e-46,-2.97266e-67,-5.46469e-120,1.94014e-93,2.97138e-46,2.89131e-103,5.93535e-46,7.14914e-224,-1.11551e-72,2.15235e-35,2.78441e-90,1.65372e-94,9.60749e-90,5.1694e-53,6.1364e-150,3.19047e-92,1.43538e-91,9.72981e-109,4.61348e-50,6.04271e-50,6.26019e-101,0,3.4824e-50,4.48769e-51,1.97804e-50
0.0122,1.12669e-28,0,0,0,1.40174e-61,0,5.7071e-53,4.25104e-67,1.32285e-61,1.07211e-35,5.06052e-46,5.35179e-68,1.82451e-120,1.50471e-93,2.3048e-46,1.72442e-103,4.60388e-46,3.4067e-224,1.62604e-72,1.66951e-35,1.66101e-90,9.86308e-95,5.73121e-90,3.08375e-53,3.65936e-150,2.47441e-92,1.13098e-91,7.66595e-109,3.52212e-50,4.76445e-50,5.0148e-101,0,2.74344e-50,3.48143e-51,1.5583e-50
0.0123,8.61682e-29,0,0,0,1.07173e-61,0,5.81768e-53,3.396e-67,7.68016e-62,8.19936e-36,3.87024e-46,9.23582e-68,2.58591e-120,1.15054e-93,1.76268e-46,1.00122e-103,3.521e-46,1.54939e-224,3.03275e-77,1.27682e-35,9.64844e-91,5.7267e-95,3.32913e-90,1.79129e-53,2.12422e-150,1.892e-92,8.75601e-92,5.93433e-109,2.66009e-50,3.69032e-50,3.9323e-101,0,2.12357e-50,2.66253e-51,1.20621e-50
0.0124,6.49825e-29,0,0,0,8.07797e-62,0,5.90516e-53,2.65046e-67,4.34021e-62,6.18343e-36,2.91868e-46,5.66308e-68,1.68502e-120,8.67386e-94,1.3293e-46,5.65874e-104,2.65532e-46,6.72863e-225,-7.77779e-78,9.62896e-36,5.45726e-91,3.23664e-95,1.88298e-90,1.01317e-53,1.20016e-150,1.42636e-92,6.66502e-92,4.51646e-109,1.98652e-50,2.80981e-50,3.02202e-101,0,1.61609e-50,2.00757e-51,9.17958e-51
0.0125,4.83282e-29,0,0,0,6.00258e-62,0,5.97259e-53,2.02371e-67,2.38719e-62,4.59868e-36,2.17066e-46,1.84914e-68,7.35659e-121,6.44782e-94,9.88611e-47,3.11286e-104,1.97479e-46,2.79145e-225,3.15347e-76,7.16116e-36,3.00553e-91,1.78047e-95,1.03703e-90,5.57995e-54,6.59876e-151,1.0603e-92,4.99095e-92,3.38127e-109,1.46627e-50,2.10424e-50,2.27846e-101,0,1.20984e-50,1.49251e-51,6.87204e-51
0.0126,3.54497e-29,0,0,0,4.39734e-62,0,6.02276e-53,1.51349e-67,1.2777e-62,3.37322e-36,1.59222e-46,-4.14125e-68,-9.35576e-121,4.72638e-94,7.25165e-47,1.66646e-104,1.44855e-46,1.10673e-225,6.7516e-79,5.25285e-36,1.61179e-91,9.53174e-96,5.56134e-91,2.9924e-54,3.53003e-151,7.77221e-93,3.67836e-92,2.49118e-109,1.06936e-50,1.55067e-50,1.68661e-101,0,8.91338e-51,1.09412e-51,5.0629e-51
0.0127,2.56501e-29,0,0,0,3.17568e-62,0,6.05803e-53,1.10982e-67,6.65347e-63,2.44074e-36,1.15207e-46,-1.78863e-68,-4.96782e-121,3.41644e-94,5.24702e-47,8.68063e-105,1.04812e-46,4.19401e-226,2.73594e-73,3.80077e-36,8.41731e-92,4.96511e-96,2.90431e-91,1.56273e-54,1.83683e-151,5.6181e-93,2.66913e-92,1.80679e-109,7.70397e-51,1.12483e-50,1.22642e-101,0,6.46459e-51,7.90907e-52,3.67196e-51
0.0128,1.83102e-29,0,0,0,2.26054e-62,0,6.0801e-53,7.98554e-68,3.3699e-63,1.74231e-36,8.22402e-47,7.87304e-69,2.56426e-121,2.43527e-94,3.74555e-47,4.39861e-105,7.48193e-47,1.51897e-226,8.74417e-75,2.71316e-36,4.2812e-92,2.5159e-96,1.47719e-91,7.94835e-55,9.29289e-152,4.00463e-93,1.90735e-92,1.2902e-109,5.48174e-51,8.03286e-51,8.76191e-102,0,4.6163e-51,5.63768e-52,2.62211e-51
0.0129,1.2897e-29,0,0,0,1.5856e-62,0,6.08982e-53,5.64024e-68,1.65929e-63,1.22722e-36,5.79269e-47,-5.88064e-69,-8.44797e-122,1.71165e-94,2.63823e-47,2.16724e-105,5.27e-47,5.25405e-227,1.37241e-73,1.91105e-36,2.12109e-92,1.23961e-96,7.31862e-92,3.93796e-55,4.56807e-152,2.81468e-93,1.34234e-92,9.07045e-110,3.85202e-51,5.64746e-51,6.14882e-102,0,3.24552e-51,3.96236e-52,1.84349e-51
0.013,8.96498e-30,0,0,0,1.09533e-62,0,6.0869e-53,3.91009e-68,7.93625e-64,8.53065e-37,4.02663e-47,5.80015e-69,8.46628e-122,1.18601e-94,1.83389e-47,1.03758e-105,3.66329e-47,1.73303e-227,3.6531e-79,1.32841e-36,1.02387e-92,5.93471e-97,3.53278e-92,1.90089e-55,2.17942e-152,1.95032e-93,9.30227e-93,6.27581e-110,2.67306e-51,3.9074e-51,4.23506e-102,0,2.24579e-51,2.74534e-52,1.27563e-51
0.0131,6.15105e-30,0,0,0,7.44519e-63,0,6.06945e-53,2.65846e-68,3.6824e-64,5.85305e-37,2.76275e-47,1.39927e-69,1.03345e-122,8.09844e-95,1.25827e-47,4.82111e-106,2.51346e-47,5.4356e-228,7.66571e-77,9.11449e-37,4.81655e-93,2.75757e-97,1.6619e-92,8.94225e-56,1.00738e-152,1.33173e-93,6.34432e-93,4.26998e-110,1.8318e-51,2.65849e-51,2.858e-102,0,1.52834e-51,1.87433e-52,8.68116e-52
0.0132,4.16645e-30,0,0,0,4.97177e-63,0,6.0333e-53,1.76955e-68,1.654e-64,3.9646e-37,1.87136e-47,6.10857e-69,6.97983e-122,5.44538e-95,8.52295e-48,2.16992e-106,1.70251e-47,1.61315e-228,1.5425e-73,6.17375e-37,2.20877e-93,1.24115e-97,7.62114e-93,4.10073e-56,4.49777e-153,8.95456e-94,4.25384e-93,2.8525e-110,1.23972e-51,1.77607e-51,1.88398e-102,0,1.02147e-51,1.26001e-52,5.80206e-52
0.0133,2.78664e-30,0,0,0,3.25345e-63,0,5.97077e-53,1.14942e-68,7.16688e-65,2.65164e-37,1.25162e-47,1.24961e-91,1.43794e-144,3.60081e-95,5.7004e-48,9.43029e-107,1.13869e-47,4.49256e-229,1.65247e-104,4.12919e-37,9.87706e-94,5.39393e-98,3.40799e-93,1.83374e-56,1.93037e-153,5.92129e-94,2.79843e-93,1.86588e-110,8.28666e-52,1.16215e-51,1.20686e-102,0,6.68834e-52,8.32884e-53,3.79906e-52
0.0134,1.84068e-30,0,0,0,2.07759e-63,0,5.86868e-53,7.24744e-69,2.97955e-65,1.7515e-37,8.26737e-48,8.03748e-92,8.98812e-145,2.33621e-95,3.76532e-48,3.93699e-107,7.52143e-48,1.15842e-229,1.07216e-104,2.72748e-37,4.30839e-94,2.25187e-98,1.48657e-93,7.99883e-57,7.90013e-154,3.84175e-94,1.79995e-93,1.18953e-110,5.47141e-52,7.41654e-52,7.4492e-103,0,4.27284e-52,5.40051e-53,2.42702e-52
0.0135,1.201e-30,0,0,0,1.28596e-63,0,5.70492e-53,4.39982e-69,1.17879e-65,1.14281e-37,5.39423e-48,5.02379e-92,5.36558e-145,1.48106e-95,2.45677e-48,1.5664e-107,4.90754e-48,2.70717e-230,6.79737e-105,1.77961e-37,1.83388e-94,8.95948e-99,6.32765e-94,3.40472e-57,3.04296e-154,2.43552e-94,1.12505e-93,7.3341e-111,3.56897e-52,4.58446e-52,4.37001e-103,0,2.64554e-52,3.42028e-53,1.5027e-52
0.0136,7.74209e-31,0,0,0,7.63467e-64,0,5.4429e-53,2.54247e-69,4.38762e-66,7.36701e-38,3.47732e-48,3.02044e-92,2.99565e-145,9.10557e-96,1.58373e-48,5.87168e-108,3.16359e-48,5.55184e-231,4.17939e-105,1.14721e-37,7.62e-95,3.35848e-99,2.62924e-94,1.41471e-57,1.08052e-154,1.49736e-94,6.76418e-94,4.32183e-111,2.30028e-52,2.7157e-52,2.38543e-103,0,1.57099e-52,2.09922e-53,8.9234e-53
0.0137,4.93193e-31,0,0,0,4.28467e-64,0,5.02706e-53,1.37974e-69,1.51601e-66,4.693e-38,2.21513e-48,1.72019e-92,1.5168e-145,5.35553e-96,1.00888e-48,2.04488e-108,2.0153e-48,9.57038e-232,2.45851e-105,7.30803e-38,3.092e-95,1.16963e-99,1.06688e-94,5.74052e-58,3.43414e-155,8.80696e-95,3.85234e-94,2.39701e-111,1.46516e-52,1.51919e-52,1.17668e-103,0,8.81817e-53,1.23119e-53,5.00882e-53
0.0138,3.10533e-31,0,0,0,2.23804e-64,0,4.4043e-53,6.95211e-70,4.808e-67,2.95488e-38,1.39472e-48,9.11928e-93,6.72992e-146,2.9533e-96,6.3523e-49,6.53538e-109,1.26891e-48,1.32742e-232,1.35603e-105,4.6014e-38,1.22574e-95,3.73812e-100,4.22938e-95,2.27567e-58,9.45861e-156,4.85664e-95,2.04228e-94,1.23344e-111,9.22449e-53,7.90416e-53,5.08526e-104,0,4.60673e-53,6.7619e-54,2.61668e-53
0.0139,1.93294e-31,0,0,0,1.07763e-64,0,3.59185e-53,3.23851e-70,1.39383e-67,1.8393e-38,8.68148e-49,4.44796e-93,2.55834e-146,1.49869e-96,3.95405e-49,1.90711e-109,7.89844e-49,1.44495e-233,6.88308e-106,2.86419e-38,4.74901e-96,1.09084e-100,1.63865e-95,8.81691e-59,2.21147e-156,2.4646e-95,9.96141e-95,5.84874e-112,5.74159e-53,3.79079e-53,1.88923e-104,0,2.21844e-53,3.41557e-54,1.2601e-53
0.014,1.18971e-31,0,0,0,4.78703e-65,0,2.70836e-53,1.40081e-70,3.71028e-68,1.13207e-38,5.34334e-49,1.99558e-93,8.33148e-147,6.95335e-97,2.43369e-49,5.10208e-110,4.86143e-49,1.24083e-234,3.19423e-106,1.76289e-38,1.79903e-96,2.91831e-101,6.20761e-96,3.34004e-59,4.39253e-157,1.1435e-95,4.46923e-95,2.56406e-112,3.53379e-53,1.67818e-53,6.04385e-105,0,9.85568e-54,1.57794e-54,5.59814e-54
0.0141,7.24214e-32,0,0,0,1.97978e-65,0,1.90057e-53,5.68175e-71,9.16014e-69,6.89128e-39,3.25263e-49,8.31109e-94,2.36691e-147,2.96958e-97,1.48146e-49,1.26409e-110,2.9593e-49,8.64507e-236,1.36443e-106,1.07312e-38,6.66625e-97,7.23044e-102,2.30022e-96,1.23764e-59,7.5479e-158,4.8836e-96,1.86134e-95,1.04984e-112,2.15109e-53,6.9224e-54,1.69542e-105,0,4.07631e-54,6.71628e-55,2.31539e-54
0.0142,4.36099e-32,0,0,0,7.71728e-66,0,1.25784e-53,2.18544e-71,2.12169e-69,4.14972e-39,1.95862e-49,3.25481e-94,6.01642e-148,1.18327e-97,8.92091e-50,2.93493e-111,1.782e-49,5.06696e-237,5.43747e-107,6.46202e-39,2.41721e-97,1.67875e-102,8.34072e-97,4.48774e-60,1.15043e-158,1.94595e-96,7.28948e-96,4.06384e-113,1.2953e-53,2.69347e-54,4.27324e-106,0,1.58904e-54,2.66978e-55,9.02595e-55
0.0143,2.59829e-32,0,0,0,2.86845e-66,0,7.96068e-54,8.05377e-72,4.65797e-70,2.47241e-39,1.16695e-49,1.21338e-94,1.40162e-148,4.46132e-98,5.3151e-50,6.45358e-112,1.06172e-49,2.58436e-238,2.05029e-107,3.85009e-39,8.58057e-98,3.69142e-103,2.96078e-97,1.59305e-60,1.59251e-159,7.33692e-97,2.7175e-96,1.50356e-113,7.71738e-54,9.99938e-55,9.90133e-107,0,5.90652e-55,1.00499e-55,3.35497e-55
0.0144,1.53202e-32,0,0,0,1.02607e-66,0,4.87325e-54,2.86612e-72,9.77255e-71,1.4578e-39,6.88062e-50,4.34839e-95,3.05053e-149,1.6102e-98,3.13393e-50,1.35512e-112,6.2602e-50,1.17813e-239,7.40042e-108,2.27012e-39,2.98311e-98,7.75134e-104,1.02934e-97,5.53839e-61,2.04021e-160,2.64808e-97,9.73873e-97,5.36279e-114,4.55036e-54,3.57416e-55,2.14769e-107,0,2.11286e-55,3.62356e-56,1.20013e-55
0.0145,8.94147e-33,0,0,0,3.55612e-67,0,2.90981e-54,9.89917e-73,1.97004e-71,8.50828e-40,4.01578e-50,1.50873e-95,6.28916e-150,5.61113e-99,1.82908e-50,2.73357e-113,3.65369e-50,4.89088e-241,2.57895e-108,1.32493e-39,1.01614e-98,1.56366e-104,3.50628e-98,1.88655e-61,2.45241e-161,9.2279e-98,3.37899e-97,1.8553e-114,2.65575e-54,1.23814e-55,4.41873e-108,0,7.32276e-56,1.26193e-56,4.15941e-56
0.0146,5.16664e-33,0,0,0,1.19966e-67,0,1.70444e-54,3.33255e-73,3.83277e-72,4.91633e-40,2.32044e-50,5.09313e-96,1.23998e-150,1.89913e-99,1.0569e-50,5.31984e-114,2.11121e-50,1.87458e-242,8.72886e-109,7.65581e-40,3.39276e-99,3.04324e-105,1.1707e-98,6.29894e-62,2.79223e-162,3.12326e-98,1.14067e-97,6.25216e-115,1.53457e-54,4.1757e-56,8.70135e-109,0,2.47036e-56,4.26949e-57,1.40319e-56
0.0147,2.95634e-33,0,0,0,3.95176e-68,0,9.83132e-55,1.09632e-73,7.20956e-73,2.81311e-40,1.32775e-50,1.67836e-96,2.35288e-151,6.26794e-100,6.04753e-51,1.00165e-114,1.20803e-50,6.69313e-244,2.88093e-109,4.38064e-40,1.11082e-99,5.73051e-106,3.83299e-99,2.06233e-62,3.03058e-163,1.03081e-98,3.7589e-98,2.05819e-115,8.78076e-55,1.37527e-56,1.6499e-109,0,8.13754e-57,1.4088e-57,4.62222e-57
0.0148,1.67547e-33,0,0,0,1.27377e-68,0,5.59784e-55,3.5321e-74,1.3183e-73,1.5943e-40,7.52485e-51,5.41108e-97,4.3149e-152,2.02261e-100,3.42737e-51,1.82881e-115,6.84636e-51,2.2407e-245,9.29657e-110,2.48268e-40,3.56788e-100,1.04645e-106,1.23112e-99,6.62406e-63,3.14912e-164,3.32633e-99,1.21188e-98,6.63168e-116,4.97639e-55,4.43246e-57,3.02444e-110,0,2.62297e-57,4.54548e-58,1.48988e-57
0.0149,9.40688e-34,0,0,0,4.02335e-69,0,3.15132e-55,1.11404e-74,2.33032e-74,8.95114e-41,4.2248e-51,1.70938e-97,7.66919e-153,6.3928e-101,1.92428e-51,3.24175e-116,3.84386e-51,7.05147e-247,2.93835e-110,1.39389e-40,1.12467e-100,1.85552e-107,3.88078e-100,2.08805e-63,3.14213e-165,1.05134e-99,3.82838e-99,2.09426e-116,2.79398e-55,1.39997e-57,5.37426e-111,0,8.28499e-58,1.43657e-58,4.70597e-58
0.015,5.23323e-34,0,0,0,1.24663e-69,0,1.75582e-55,3.44969e-75,4.02594e-75,4.97969e-41,2.35034e-51,5.29688e-98,1.32365e-153,1.98153e-101,1.07052e-51,5.58716e-117,2.13841e-51,2.0964e-248,9.10779e-111,7.75447e-41,3.48076e-101,3.19978e-108,1.20107e-100,6.46232e-64,3.01677e-166,3.25877e-100,1.1863e-99,6.48823e-117,1.55434e-55,4.33764e-58,9.27435e-112,0,2.56709e-58,4.45262e-59,1.45814e-58
0.0151,2.88534e-34,0,0,0,3.79205e-70,0,9.68901e-56,1.04683e-75,6.76387e-76,2.74555e-41,1.29586e-51,1.6113e-98,2.22152e-154,6.02875e-102,5.90229e-52,9.36581e-118,1.17902e-51,5.88643e-250,2.77103e-111,4.27543e-41,1.05811e-101,5.36933e-109,3.65109e-101,1.96446e-64,2.79145e-167,9.91472e-101,3.60871e-100,1.97349e-117,8.56987e-56,1.31942e-58,1.55642e-112,0,7.8087e-59,1.35467e-59,4.43544e-59
0.0152,1.57695e-34,0,0,0,1.13311e-70,0,5.29794e-56,3.14197e-76,1.09282e-76,1.50055e-41,7.08235e-52,4.81486e-99,3.62945e-155,1.80167e-102,3.22582e-52,1.5297e-118,6.44376e-52,1.57757e-251,8.28112e-112,2.33668e-41,3.1606e-102,8.78623e-110,1.09059e-101,5.86792e-65,2.49248e-168,2.96298e-101,1.07835e-100,5.89678e-118,4.68376e-56,3.94254e-59,2.54271e-113,0,2.33333e-59,4.04832e-60,1.32536e-59
0.0153,8.54511e-35,0,0,0,3.32781e-71,0,2.87159e-56,8.96564e-77,1.72766e-77,8.13112e-42,3.83776e-52,1.41409e-99,5.77728e-156,5.29163e-103,1.748e-52,2.42971e-119,3.49172e-52,3.88218e-253,2.43223e-112,1.26619e-41,9.28048e-103,1.40051e-110,3.2023e-102,1.723e-65,2.14986e-169,8.70248e-102,3.16703e-101,1.73178e-118,2.53802e-56,1.15787e-59,4.04735e-114,0,6.85273e-60,1.18901e-60,3.89243e-60
0.0154,4.59182e-35,0,0,0,9.61041e-72,0,1.54331e-56,2.70453e-77,2.73662e-78,4.36936e-42,2.06227e-52,4.08379e-100,8.96658e-157,1.52823e-103,9.3931e-53,3.7735e-120,1.87632e-52,9.76921e-255,7.02429e-113,6.80406e-42,2.67982e-103,2.18944e-111,9.24695e-103,4.97531e-66,1.79299e-170,2.51328e-102,9.14615e-102,5.00116e-119,1.36384e-56,3.34382e-60,6.28157e-115,0,1.979e-60,3.43386e-61,1.1241e-60
0.0155,2.44742e-35,0,0,0,2.73031e-72,0,8.22639e-57,8.02144e-78,4.46552e-79,2.32885e-42,1.09918e-52,1.16021e-100,1.35784e-157,4.34177e-104,5.00647e-53,5.724e-121,1.00007e-52,2.33917e-256,1.99564e-113,3.62653e-42,7.61291e-104,3.3623e-112,2.6269e-103,1.4134e-66,1.44717e-171,7.14037e-103,2.59843e-102,1.42082e-119,7.26917e-57,9.49977e-61,9.51233e-116,0,5.62235e-61,9.75576e-62,3.19356e-61
0.0156,1.29411e-35,0,0,0,7.63403e-73,0,4.35002e-57,2.59259e-78,6.49392e-80,1.23141e-42,5.81208e-53,3.24397e-101,2.00756e-158,1.21398e-104,2.64725e-53,8.60566e-122,5.28803e-53,5.91469e-258,5.57991e-114,1.91758e-42,2.12852e-104,5.16909e-113,7.34464e-104,3.95178e-67,1.13136e-172,1.99648e-103,7.26528e-103,3.97264e-120,3.84369e-57,2.65616e-61,1.40639e-116,0,1.57202e-61,2.72776e-62,8.92927e-62
0.0157,6.78988e-36,0,0,0,2.10156e-73,0,2.2824e-57,8.36173e-79,1.1425e-80,6.46093e-43,3.04946e-53,8.93031e-102,2.89972e-159,3.34198e-105,1.38895e-53,1.20685e-122,2.7745e-53,1.44664e-259,1.5361e-114,1.00611e-42,5.85949e-105,7.58246e-114,2.02186e-104,1.08786e-67,8.57397e-174,5.49613e-104,2.00006e-103,1.09362e-120,2.01669e-57,7.31211e-62,2.03138e-117,0,4.3276e-62,7.50926e-63,2.45813e-62
0.0158,3.53562e-36,0,0,0,5.69841e-74,0,1.1885e-57,4.63531e-80,1.30442e-81,3.36433e-43,1.58791e-53,2.42146e-102,4.09426e-160,9.06183e-106,7.23251e-54,1.66309e-123,1.44473e-53,5.80772e-262,4.16515e-115,5.239e-43,1.58879e-105,1.1355e-114,5.48225e-105,2.94972e-68,6.30386e-175,1.49029e-104,5.42317e-104,2.96536e-121,1.05013e-57,1.98268e-62,2.86821e-118,0,1.17343e-62,2.03615e-63,6.66524e-63
0.0159,1.82754e-36,0,0,0,1.5225e-74,0,6.14334e-58,7.15186e-80,3.83914e-82,1.739e-43,8.20781e-54,6.46968e-103,5.65436e-161,2.42115e-106,3.73844e-54,2.57661e-124,7.46774e-54,6.49778e-263,1.11285e-115,2.70801e-43,4.24492e-106,1.96601e-115,1.46474e-105,7.88104e-69,4.49994e-176,3.98176e-105,1.44897e-104,7.92286e-122,5.42805e-58,5.29734e-63,3.96112e-119,0,3.13519e-63,5.44019e-64,1.78082e-63
0.016,9.37888e-37,0,0,0,4.00984e-75,0,3.15275e-58,2.39157e-80,4.80556e-83,8.9245e-44,4.21222e-54,1.70393e-103,7.64253e-162,6.37661e-107,1.91856e-54,3.60038e-125,3.83242e-54,1.50823e-264,2.93093e-116,1.38974e-43,1.11799e-106,3.35578e-116,3.85771e-106,2.07564e-69,3.12137e-177,1.04868e-105,3.81616e-105,2.08665e-122,2.78566e-58,1.39517e-63,5.35392e-120,0,8.25718e-64,1.43279e-64,4.69018e-64
0.0161,4.77971e-37,0,0,0,1.04143e-75,0,1.60672e-58,2.47959e-81,-1.63022e-85,4.54814e-44,2.14665e-54,4.42541e-104,1.01156e-162,1.65612e-107,9.77743e-55,3.83583e-126,1.9531e-54,1.05073e-266,7.61214e-117,7.08246e-44,2.90361e-107,5.56117e-117,1.00191e-106,5.39079e-70,2.10549e-178,2.72361e-106,9.91125e-106,5.41941e-123,1.41964e-58,3.6235e-64,7.08638e-121,0,2.14454e-64,3.72122e-65,1.21812e-64
0.0162,2.41937e-37,0,0,0,2.66828e-76,0,8.13284e-59,1.98977e-81,3.71916e-84,2.30216e-44,1.08658e-54,1.13385e-104,1.31188e-163,4.24321e-108,4.94909e-55,7.01572e-127,9.88609e-55,5.55894e-268,1.95033e-117,3.58497e-44,7.43943e-108,1.26398e-117,2.56704e-107,1.38119e-70,1.38206e-179,6.97827e-107,2.5394e-106,1.38853e-123,7.18587e-59,9.2839e-65,9.19026e-122,0,5.49459e-65,9.53426e-66,3.121e-65
0.0163,1.21657e-37,0,0,0,6.74683e-77,0,4.08956e-59,1.31488e-81,5.91352e-86,1.15763e-44,5.46383e-55,2.86698e-105,1.66801e-164,1.07291e-108,2.48863e-55,6.16431e-128,4.97118e-55,2.3517e-269,4.93149e-118,1.80268e-44,1.88109e-108,2.53396e-118,6.49085e-108,3.49239e-71,8.83652e-181,1.76448e-107,6.42096e-107,3.51094e-124,3.61338e-59,2.34747e-65,1.16851e-122,0,1.38933e-65,2.41077e-66,7.89155e-66
0.0164,6.07838e-38,0,0,0,1.68423e-77,0,2.04328e-59,2.84186e-83,-1.51134e-86,5.7839e-45,2.72991e-55,7.15694e-106,2.08042e-165,2.67834e-109,1.2434e-55,-5.35683e-130,2.48377e-55,3.14195e-272,1.23106e-118,9.00681e-45,4.69582e-109,5.41486e-119,1.62033e-108,8.71818e-72,5.50797e-182,4.40474e-108,1.60289e-107,8.76448e-125,1.80537e-59,5.86006e-66,1.45742e-123,0,3.46823e-66,6.0181e-67,1.96999e-66
0.0165,3.01813e-38,0,0,0,4.15244e-78,0,1.01456e-59,2.77833e-82,1.09785e-87,2.87191e-45,1.3555e-55,1.76452e-106,2.54684e-166,6.60338e-110,6.17393e-56,-4.35989e-129,1.23328e-55,1.88502e-272,3.03516e-119,4.4722e-45,1.15774e-109,1.09322e-119,3.99489e-109,2.14944e-72,3.35024e-183,1.08598e-108,3.95187e-108,2.16086e-125,8.96428e-60,1.44478e-66,1.78417e-124,0,8.55083e-67,1.48375e-67,4.85697e-67
0.0166,1.4896e-38,0,0,0,1.0115e-78,0,5.00737e-60,-1.35856e-82,1.13096e-86,1.41743e-45,6.69006e-56,4.29824e-107,3.06194e-167,1.60853e-110,3.04715e-56,9.24232e-130,6.08684e-56,-5.46299e-274,7.3934e-120,2.20726e-45,2.82017e-110,3.79895e-120,9.73121e-110,5.23587e-73,1.98495e-184,2.64535e-109,9.62644e-109,5.26368e-126,4.42432e-60,3.51937e-67,2.14502e-125,0,2.08291e-67,3.61428e-68,1.18312e-67
0.0167,7.3091e-39,0,0,0,2.43531e-79,0,2.45699e-60,1.81351e-82,9.07312e-88,6.95499e-46,3.28265e-56,1.03485e-107,3.61725e-168,3.87273e-111,1.49516e-56,6.27162e-131,2.98666e-56,4.2272e-275,1.78005e-120,1.08305e-45,6.78989e-111,8.23247e-121,2.34291e-110,1.2606e-73,1.15077e-185,6.369e-110,2.31768e-109,1.26729e-126,2.1709e-60,8.47332e-68,2.53404e-126,0,5.01486e-68,8.70183e-69,2.8485e-68
0.0168,3.56617e-39,0,0,0,5.79735e-80,0,1.19879e-60,1.66e-83,9.70152e-89,3.3934e-46,1.60163e-56,2.46351e-108,4.20138e-169,9.2192e-112,7.295e-57,-4.9153e-131,1.45722e-56,2.21567e-277,4.23748e-121,5.28426e-46,1.61636e-111,1.59328e-121,5.57739e-111,3.00091e-74,6.5895e-187,1.51617e-110,5.51734e-110,3.01685e-127,1.0592e-60,2.01711e-68,2.94325e-127,0,1.19381e-68,2.07151e-69,6.78097e-69
0.0169,1.73047e-39,0,0,0,1.36507e-80,0,5.81707e-61,6.08835e-83,8.61423e-89,1.64663e-46,7.77186e-57,5.80069e-109,4.80043e-170,2.17079e-112,3.53987e-57,6.50706e-132,7.0711e-57,4.44004e-278,9.97777e-122,2.56417e-46,3.80596e-112,4.78567e-122,1.31328e-111,7.06608e-75,3.60032e-188,3.57003e-111,1.29914e-110,7.1036e-128,5.13974e-61,4.74958e-69,3.36291e-128,0,2.811e-69,4.87766e-70,1.59668e-69
0.017,8.35281e-40,0,0,0,3.18047e-81,0,2.80784e-61,5.11133e-84,1.27076e-89,7.94814e-47,3.7514e-57,1.3515e-109,5.39864e-171,5.05772e-113,1.70866e-57,7.79856e-133,3.41315e-57,2.03526e-280,2.32471e-122,1.2377e-46,8.86748e-113,1.0729e-122,3.0598e-112,1.64632e-75,1.96577e-189,8.3178e-112,3.02685e-111,1.65506e-128,2.4809e-61,1.1066e-69,3.78198e-129,0,6.54932e-70,1.13644e-70,3.72009e-70
0.0171,4.01131e-40,0,0,0,7.33497e-82,0,1.34842e-61,5.69479e-84,-6.50691e-90,3.81697e-47,1.80155e-57,3.1169e-110,5.97922e-172,1.16644e-113,8.20558e-58,2.66615e-133,1.63911e-57,1.20078e-281,5.36138e-123,5.94386e-47,2.04507e-113,2.52401e-123,7.05667e-113,3.79683e-76,1.04097e-190,1.9183e-112,6.98069e-112,3.817e-129,1.19141e-61,2.5521e-70,4.1887e-130,0,1.51044e-70,2.62093e-71,8.57948e-71
0.0172,1.91692e-40,0,0,0,1.67508e-82,0,6.44384e-62,2.5058e-85,-1.52324e-90,1.82405e-47,8.60925e-58,7.11804e-111,6.52531e-173,2.66379e-114,3.92128e-58,-1.67024e-133,7.83298e-58,3.1395e-284,1.22437e-123,2.84045e-47,4.6703e-114,4.46062e-124,1.61153e-113,8.6708e-77,6.18305e-192,4.3808e-113,1.59417e-112,8.71684e-130,5.69353e-62,5.82822e-71,4.57126e-131,0,3.44938e-71,5.98539e-72,1.95929e-71
0.0173,9.11734e-41,0,0,0,3.78933e-83,0,3.06484e-62,-1.60533e-84,-5.5305e-92,8.67563e-48,4.09476e-58,1.61023e-111,7.02088e-174,6.02596e-115,1.86506e-58,-2.8577e-134,3.72555e-58,-1.1425e-284,2.76975e-124,1.35099e-47,1.05651e-114,1.06173e-124,3.64556e-114,1.96149e-77,3.51122e-193,9.91015e-114,3.60631e-113,1.97191e-130,2.70798e-62,1.31845e-71,4.91843e-132,0,7.80311e-72,1.354e-72,4.43226e-72
0.0174,4.31674e-41,0,0,0,8.4945e-84,0,1.4511e-62,2.64816e-85,6.3553e-92,4.1076e-48,1.93872e-58,3.60963e-112,7.45168e-175,1.35083e-115,8.83037e-59,8.38917e-136,1.76392e-58,7.14069e-287,6.20892e-125,6.39644e-48,2.36835e-115,2.7944e-125,8.1722e-115,4.39704e-78,1.33141e-194,2.22154e-114,8.08421e-114,4.4204e-131,1.28213e-62,2.95554e-72,5.22022e-133,0,1.74921e-72,3.03525e-73,9.93574e-73
0.0175,2.03491e-41,0,0,0,1.88764e-84,0,6.84047e-63,-2.55972e-85,-4.44779e-93,1.93633e-48,9.13916e-59,8.02126e-113,7.80593e-176,3.0018e-116,4.16264e-59,-4.63516e-136,8.31512e-59,-3.48174e-288,1.37974e-125,3.01529e-48,5.26292e-116,5.83798e-126,1.81601e-115,9.77105e-79,6.7157e-196,4.93668e-115,1.79646e-114,9.82294e-132,6.04398e-63,6.56777e-73,5.46839e-134,0,3.88708e-73,6.74489e-74,2.20791e-73
0.0176,9.55251e-42,0,0,0,4.1597e-85,0,3.21113e-63,-1.59546e-85,-9.9062e-94,9.08971e-49,4.2902e-59,1.76761e-113,8.07494e-177,6.61492e-117,1.95407e-59,-1.58794e-136,3.90337e-59,-1.49464e-289,3.04046e-126,1.41547e-48,1.15977e-116,1.25409e-126,4.00187e-116,2.1532e-79,4.62088e-197,1.08787e-115,3.95878e-115,2.16464e-132,2.83723e-63,1.44731e-73,5.65684e-135,0,8.56577e-74,1.48634e-74,4.86546e-74
0.0177,4.46631e-42,0,0,0,9.09337e-86,0,1.50137e-63,1.02598e-85,-2.31613e-94,4.24993e-49,2.0059e-59,3.8641e-114,8.2534e-178,1.44606e-117,9.13634e-60,-2.80195e-137,1.82503e-59,7.13366e-291,6.64664e-127,6.61807e-49,2.53532e-117,2.77979e-127,8.74833e-117,4.70703e-80,3.42688e-198,2.37816e-116,8.65413e-116,4.73203e-133,1.32656e-63,3.16391e-74,5.78186e-136,0,1.87253e-74,3.24923e-75,1.06362e-74
0.0178,2.08026e-42,0,0,0,1.97272e-86,0,6.99291e-64,6.80527e-87,-1.23429e-95,1.97948e-49,9.34282e-60,8.38275e-115,8.3395e-179,3.13708e-118,4.25541e-60,3.62624e-138,8.50041e-60,1.71505e-293,1.44192e-127,3.08248e-49,5.5001e-118,6.5855e-128,1.89785e-117,1.02114e-80,1.24264e-199,5.15916e-117,1.87742e-116,1.02656e-133,6.17867e-64,6.86375e-75,5.84218e-137,0,4.06225e-75,7.04885e-76,2.30741e-75
0.0179,9.65389e-43,0,0,0,4.24851e-87,0,3.24521e-64,-2.82403e-86,-4.90849e-95,9.18618e-50,4.33573e-60,1.80532e-115,8.33477e-180,6.75607e-119,1.97481e-60,-3.52386e-138,3.9448e-60,-4.10032e-293,3.10534e-128,1.43049e-49,1.18451e-118,1.17207e-128,4.08726e-118,2.19914e-81,7.14663e-200,1.11109e-117,4.04325e-117,2.21082e-134,2.86734e-64,1.47819e-75,5.83886e-138,0,8.74854e-76,1.51805e-76,4.96928e-76
0.018,4.46457e-43,0,0,0,9.08655e-88,0,1.50079e-64,8.95711e-88,-6.13876e-96,4.24827e-50,2.00512e-60,3.8611e-116,8.24378e-181,1.44494e-119,9.13279e-61,-1.06641e-138,1.82432e-60,1.7933e-295,6.64147e-129,6.6155e-50,2.53335e-119,2.32787e-129,8.74152e-119,4.70337e-82,9.85357e-201,2.37631e-118,8.64741e-118,4.72835e-135,1.32604e-64,3.16145e-76,5.77512e-139,0,1.87107e-76,3.2467e-77,1.06279e-76
0.0181,2.05792e-43,0,0,0,1.93068e-88,0,6.9178e-65,5.56919e-87,3.64627e-97,1.95822e-50,9.24247e-61,8.20364e-117,8.07366e-182,3.07005e-120,4.2097e-61,2.43572e-139,8.40911e-61,-4.82258e-296,1.41111e-129,3.04937e-50,5.38259e-120,7.63486e-130,1.85731e-119,9.99321e-83,-4.26139e-202,5.04893e-119,1.83731e-118,1.00463e-135,6.1123e-65,6.7171e-77,5.65595e-140,0,3.97546e-77,6.89825e-78,2.25811e-77
0.0182,9.45635e-44,0,0,0,4.07694e-89,0,3.1788e-65,-1.47012e-87,-5.09552e-97,8.99821e-51,4.24702e-61,1.7322e-117,7.83353e-183,6.48242e-121,1.9344e-61,-5.04524e-140,3.86408e-61,-2.36921e-297,2.97956e-130,1.40122e-50,1.13653e-120,1.02942e-130,3.9217e-120,2.11007e-83,7.93129e-203,1.06608e-119,3.87948e-119,2.12127e-136,2.80867e-65,1.41832e-77,5.48772e-141,0,8.39418e-78,1.45657e-78,4.76799e-78
0.0183,4.33255e-44,0,0,0,8.55948e-90,0,1.45641e-65,-8.32903e-88,-3.10104e-99,4.12265e-51,1.94583e-61,3.63612e-118,7.53386e-184,1.36075e-121,8.86272e-62,-4.55034e-141,1.77038e-61,-5.30053e-299,6.25449e-131,6.41987e-51,2.38574e-121,2.50635e-131,8.23218e-121,4.42932e-84,3.13197e-204,2.23785e-120,8.14354e-120,4.45284e-137,1.28683e-65,2.97724e-78,5.27779e-142,0,1.76205e-78,3.05753e-79,1.00087e-78
0.0184,1.97954e-44,0,0,0,1.78751e-90,0,6.65434e-66,-4.23964e-88,-2.54137e-99,1.88364e-51,8.89048e-62,7.59068e-119,7.1859e-185,2.84066e-122,4.04938e-62,-2.34659e-141,8.08886e-62,-5.28771e-300,1.30567e-131,2.93324e-51,4.98041e-122,4.43341e-132,1.71853e-121,9.24653e-85,6.138e-205,4.67168e-121,1.70003e-120,9.29564e-138,5.87952e-66,6.21521e-79,5.03403e-143,0,3.67842e-79,6.38282e-80,2.08938e-79
0.0185,9.02118e-45,0,0,0,3.71532e-91,0,3.03252e-66,-1.54655e-88,3.68658e-100,8.58412e-52,4.05157e-62,1.57644e-119,6.80106e-186,5.89951e-123,1.84538e-62,-2.61284e-142,3.68626e-62,-1.6632e-301,2.71163e-132,1.33674e-51,1.03434e-122,1.05002e-132,3.56906e-122,1.92033e-85,5.29259e-206,9.70219e-122,3.53063e-121,1.93053e-138,2.67942e-66,1.29078e-79,4.76443e-144,0,7.63937e-80,1.32559e-80,4.33925e-80
0.0186,4.10123e-45,0,0,0,7.69252e-92,0,1.37865e-66,1.54401e-89,4.81162e-101,3.90254e-52,1.84194e-62,3.25822e-120,6.39043e-187,1.21932e-123,8.38953e-63,8.47519e-145,1.67586e-62,-1.94518e-304,5.60446e-133,6.07711e-52,2.13779e-123,2.4839e-133,7.3766e-123,3.96897e-86,-6.20004e-208,2.00527e-122,7.29718e-122,3.99005e-139,1.21812e-66,2.66781e-80,4.47677e-145,0,1.57892e-80,2.73976e-81,8.96845e-81
0.0187,1.86034e-45,0,0,0,1.58899e-92,0,6.25364e-67,4.08939e-89,-3.72025e-101,1.77021e-52,8.35513e-63,6.70404e-121,5.96438e-188,2.50885e-124,3.80554e-63,1.80539e-143,7.60178e-63,-2.85206e-304,1.15316e-133,2.75661e-52,4.39866e-124,6.13335e-134,1.51779e-123,8.16648e-87,-3.43232e-208,4.126e-123,1.50145e-122,8.20985e-140,5.52548e-67,5.48923e-81,4.1783e-146,0,3.24875e-81,5.63726e-82,1.84533e-81
0.0188,8.42111e-46,0,0,0,3.28403e-93,0,2.8308e-67,7.70991e-90,-1.34064e-101,8.01313e-53,3.78207e-63,1.37369e-121,5.53217e-189,5.14078e-125,1.72263e-63,2.07181e-144,3.44106e-63,-1.68e-306,2.36289e-134,1.24782e-52,9.0131e-125,1.16368e-134,3.11004e-124,1.67336e-87,-1.07237e-209,8.45439e-124,3.07656e-123,1.68224e-140,2.50119e-67,1.12477e-81,3.87552e-147,0,6.65687e-82,1.15511e-82,3.78118e-82
0.0189,3.80461e-46,0,0,0,6.83043e-94,0,1.27894e-67,4.31393e-91,-6.41002e-102,3.62029e-53,1.70872e-63,2.80396e-122,5.10173e-190,1.04933e-125,7.78276e-64,-4.12409e-146,1.55465e-63,-1.5378e-308,4.82309e-135,5.63759e-53,1.83974e-125,2.10983e-135,6.34816e-125,3.41562e-88,-1.75434e-210,1.7257e-124,6.27981e-124,3.43376e-141,1.13002e-67,2.29587e-82,3.57398e-148,0,1.35879e-82,2.35778e-83,7.71808e-83
0.019,1.7158e-46,0,0,0,1.44662e-94,0,5.76777e-68,-2.67696e-90,2.43015e-103,1.63268e-53,7.70598e-64,5.70277e-123,4.6794e-191,2.13415e-126,3.50987e-64,-9.42072e-146,7.01116e-64,-6.10494e-309,9.80934e-136,2.54244e-53,3.74171e-126,3.80024e-136,1.29111e-125,6.9468e-89,1.12234e-211,3.50977e-125,1.27721e-124,6.98369e-142,5.09618e-68,4.6694e-83,3.27812e-149,0,2.76355e-83,4.79533e-84,1.56973e-83
0.0191,7.7244e-47,0,0,0,3.19079e-95,0,2.5966e-68,5.63456e-91,4.41531e-104,7.35017e-54,3.46917e-64,1.15579e-123,4.26954e-192,4.32533e-127,1.58011e-64,1.65728e-146,3.15636e-64,-6.74046e-311,1.98808e-136,1.14458e-53,7.58341e-127,9.74181e-137,2.61672e-126,1.40792e-89,-5.88729e-213,7.11333e-126,2.58854e-125,1.4154e-142,2.29426e-68,9.46358e-84,2.991e-150,0,5.60094e-84,9.71879e-85,3.1814e-84
0.0192,3.47104e-47,0,0,0,7.60794e-96,0,1.16681e-68,1.70425e-91,1.06906e-104,3.30288e-54,1.55891e-64,2.33383e-124,3.87405e-193,8.73391e-128,7.1004e-65,-3.26851e-147,1.41835e-64,4.88282e-313,4.01443e-137,5.14331e-54,1.53128e-127,1.58879e-137,5.2838e-127,2.84295e-90,1.41e-214,1.43636e-126,5.22691e-126,2.85804e-143,1.03095e-68,1.91093e-84,2.71394e-151,0,1.13097e-84,1.96247e-85,6.42403e-85
0.0193,1.55619e-47,0,0,0,2.0526e-96,0,5.23123e-69,4.04355e-92,-7.15458e-105,1.4808e-54,6.98915e-65,4.69115e-125,3.49123e-194,1.75557e-128,3.18337e-65,-3.6686e-148,6.35896e-65,-4.2603e-314,8.06924e-138,2.30593e-54,3.07796e-128,3.35949e-138,1.06208e-127,5.71449e-91,-5.18586e-215,2.88716e-127,1.05064e-126,5.74484e-144,4.62212e-69,3.84109e-85,2.44576e-152,0,2.27331e-85,3.94467e-86,1.29127e-85
0.0194,6.9528e-48,0,0,0,6.44165e-97,0,2.33722e-69,1.2716e-91,-1.79172e-105,6.61595e-55,3.12263e-65,9.36419e-126,3.11362e-195,3.50436e-129,1.42227e-65,-1.23845e-148,2.84107e-65,4.47594e-314,1.61073e-138,1.03025e-54,6.14404e-129,6.41656e-139,2.12005e-128,1.14069e-91,1.73232e-215,5.76319e-128,2.09723e-127,1.14675e-144,2.06508e-69,7.66735e-86,2.18122e-153,0,4.53785e-86,7.87412e-87,2.57755e-86
0.0195,3.08655e-48,0,0,0,2.31575e-97,0,1.03756e-69,-5.09128e-92,7.42072e-107,2.93702e-55,1.38623e-65,1.84543e-126,2.724e-196,6.90616e-130,6.31389e-66,1.90715e-149,1.26123e-65,-1.0242e-317,3.17433e-139,4.57358e-55,1.21083e-129,1.51319e-139,4.17806e-129,2.248e-92,-1.16104e-216,1.13577e-128,4.13307e-128,2.25994e-145,9.16749e-70,1.51103e-86,1.90828e-154,0,8.9429e-87,1.55178e-87,5.07967e-87
0.0196,1.35195e-48,0,0,0,9.07406e-98,0,4.54466e-70,4.39568e-92,1.20334e-106,1.28645e-55,6.07186e-66,3.54058e-127,2.28913e-197,1.32499e-130,2.76557e-66,2.32797e-149,5.52438e-66,-4.18661e-316,6.09015e-140,2.00329e-55,2.32305e-130,4.02528e-140,8.01587e-130,4.31293e-93,-4.61251e-217,2.17905e-129,7.92956e-129,4.33583e-146,4.01549e-70,2.89901e-87,1.60364e-155,0,1.71575e-87,2.97719e-88,9.74567e-88
0.0197,5.74329e-49,0,0,0,3.65115e-98,0,1.93064e-70,-1.98678e-93,2.93886e-108,5.46505e-56,2.57942e-66,6.38959e-128,1.75497e-198,2.39118e-131,1.17486e-66,8.96159e-152,2.34684e-66,5.33591e-318,1.09907e-140,8.51028e-56,4.19235e-131,4.91285e-141,1.4466e-130,7.78344e-94,9.52273e-220,3.93247e-130,1.43103e-129,7.82477e-147,1.70584e-70,5.23176e-88,1.22943e-156,0,3.09637e-88,5.37285e-89,1.75878e-88
0.0198,2.25924e-49,0,0,0,1.40033e-98,0,7.59455e-71,-3.12835e-93,7.37311e-109,2.14978e-56,1.01466e-66,9.88723e-129,1.06825e-199,3.7001e-132,4.62153e-67,-5.12203e-152,9.23176e-67,-2.89028e-318,1.7007e-141,3.34769e-56,6.48723e-132,7.22987e-142,2.23847e-131,1.20441e-94,-2.86999e-220,6.0851e-131,2.21437e-130,1.2108e-147,6.71025e-71,8.09562e-89,7.48355e-158,0,4.79132e-89,8.31394e-90,2.72153e-89
0.0199,6.98814e-50,0,0,0,4.28189e-99,0,2.3491e-71,-3.61163e-94,2.2661e-109,6.64958e-57,3.1385e-67,9.45963e-130,3.16134e-201,3.54008e-133,1.4295e-67,7.53376e-153,2.85551e-67,0,1.62715e-142,1.03549e-56,6.20666e-133,7.62832e-143,2.14166e-132,1.15232e-95,-3.58812e-223,5.82193e-132,2.1186e-131,1.15844e-148,2.07558e-71,7.74549e-90,2.21466e-159,0,4.5841e-90,7.95437e-91,2.60383e-90
0.02,0,0,0,0,0,0,0,0,0,0,0,0,0,0,0,0,0,0,0,0,0,0,0,0,0,0,0,0,0,0,0,0,0,0,0
